channel1,channel2,channel3,channel4,channel5,channel6,label
57,58,64,57,62,120,left
58,60,67,58,62,118,left
58,59,69,59,61,115,left
59,58,73,62,60,115,left
59,58,70,59,62,113,left
60,57,71,59,61,112,left
61,57,72,60,62,111,left
60,57,72,61,61,111,left
60,56,72,64,60,113,left
62,57,71,62,59,111,left
62,59,68,62,58,109,left
62,59,68,61,56,109,left
61,57,68,62,54,107,left
62,56,70,61,55,107,left
62,56,70,61,56,107,left
63,57,70,61,57,108,left
63,57,69,62,57,105,left
64,57,68,60,55,105,left
63,56,69,60,56,105,left
63,57,69,60,56,106,left
63,57,71,61,56,105,left
63,57,71,58,56,105,left
61,56,70,59,58,106,left
60,55,70,58,59,102,left
59,54,69,60,59,101,left
60,54,72,59,60,101,left
59,53,75,58,60,101,left
57,55,73,59,61,101,left
56,57,71,60,60,101,left
55,56,69,58,60,100,left
54,54,71,57,61,98,left
53,56,71,59,59,97,left
52,55,69,59,61,97,left
51,53,71,58,60,95,left
50,56,71,57,62,95,left
48,56,69,56,61,95,left
48,55,69,55,60,93,left
49,55,68,57,58,92,left
49,54,68,57,57,92,left
49,53,68,55,55,92,left
50,54,68,56,56,92,left
50,53,70,55,55,91,left
49,56,69,54,57,88,left
51,59,68,55,55,88,left
51,58,68,55,55,88,left
53,56,67,55,54,90,left
54,56,69,54,53,88,left
55,56,68,55,53,89,left
55,56,68,55,52,89,left
57,55,69,55,51,89,left
57,55,68,55,51,87,left
59,56,68,54,50,90,left
61,56,70,54,51,89,left
63,54,70,55,51,88,left
64,53,69,57,50,89,left
65,56,69,56,51,87,left
67,55,69,56,51,88,left
66,57,69,56,52,86,left
66,58,68,55,53,88,left
67,57,68,55,53,86,left
68,55,67,55,53,86,left
68,54,67,55,54,84,left
70,54,67,55,53,82,left
71,54,67,55,53,84,left
74,54,68,56,53,84,left
75,55,69,56,53,83,left
77,56,68,55,53,83,left
77,54,67,58,54,81,left
79,54,67,56,54,81,left
80,53,66,56,54,81,left
79,52,69,56,54,81,left
81,54,69,54,54,80,left
82,54,70,54,53,79,left
84,55,68,55,56,79,left
86,55,68,53,57,79,left
88,54,65,54,57,80,left
88,54,68,56,58,77,left
90,56,69,55,59,75,right
92,58,71,55,60,75,right
94,58,68,55,60,74,right
96,56,68,55,61,73,right
98,54,67,56,62,73,right
98,57,70,55,62,73,right
102,56,69,55,63,73,front
105,60,69,55,64,76,front
107,59,67,54,64,73,front
109,59,70,56,65,70,front
112,57,72,56,66,72,front
113,55,70,57,65,71,front
115,57,68,55,66,69,front
115,58,68,56,65,69,front
117,56,68,55,66,68,front
117,56,67,54,67,69,front
118,55,68,53,69,69,front
118,56,69,53,69,68,front
119,55,67,53,70,67,front
121,57,65,52,69,66,front
122,57,64,53,66,69,front
123,56,64,58,64,66,front
124,58,63,57,63,68,front
126,57,63,56,62,64,front
125,57,61,55,60,63,front
123,57,61,54,58,65,front
125,56,60,55,58,63,front
124,57,61,54,58,62,front
125,57,62,54,59,61,front
127,56,62,53,57,59,front
126,57,66,54,57,60,front
129,57,66,54,56,58,front
130,58,66,54,53,60,front
130,59,65,54,52,60,front
132,58,65,55,52,58,front
133,57,65,54,54,57,front
135,58,63,55,55,55,front
135,56,62,55,54,54,front
136,56,63,55,53,55,front
135,56,62,55,53,56,front
135,57,61,55,51,57,front
136,56,63,55,53,56,front
137,55,60,56,55,56,front
136,56,60,56,55,57,front
137,56,60,56,58,59,front
137,56,59,56,62,59,front
138,59,60,57,66,57,front
138,59,62,57,68,59,front
137,57,61,56,72,59,front
139,56,61,57,74,57,front
137,56,61,56,77,55,front
136,54,60,58,79,54,front
136,55,60,57,80,52,front
134,55,58,56,79,55,front
133,55,58,56,82,53,front
134,57,58,56,82,53,front
134,56,58,56,81,54,front
133,55,60,56,80,54,front
132,57,59,57,77,54,front
131,56,59,57,76,53,front
130,58,61,56,74,53,front
130,56,62,57,73,52,front
129,55,62,57,71,53,front
127,55,63,57,68,52,front
126,56,63,56,67,52,front
128,55,61,55,65,53,front
127,54,61,55,64,53,front
126,55,62,56,62,53,front
125,55,63,55,62,53,front
123,57,61,56,61,51,front
121,58,62,56,62,51,front
121,56,63,56,62,51,front
119,56,64,57,62,54,front
118,55,63,59,64,56,front
117,57,64,59,64,56,front
117,57,63,58,65,55,front
116,57,65,58,68,54,front
115,55,64,59,70,56,front
114,55,62,59,72,57,front
112,55,62,59,73,59,front
111,54,62,59,74,57,front
109,56,65,60,76,58,front
108,56,66,62,78,56,front
105,56,66,60,80,58,front
105,57,69,60,80,60,front
103,56,70,60,85,60,front
102,56,70,61,80,60,front
100,56,68,61,81,58,front
99,56,66,62,81,57,stop
98,56,64,61,81,57,stop
96,55,64,62,81,57,stop
96,55,62,61,81,61,stop
95,55,64,61,81,62,stop
93,57,68,60,81,64,stop
92,59,69,60,83,63,stop
91,59,68,59,84,62,stop
92,59,67,61,84,60,stop
92,57,65,60,85,59,stop
92,55,64,59,85,58,stop
92,54,65,59,85,57,stop
89,56,65,58,84,60,stop
89,58,66,59,85,61,stop
88,56,67,59,83,63,stop
87,54,64,57,83,59,stop
86,55,65,58,81,60,stop
85,53,65,57,78,60,stop
84,54,67,58,77,59,stop
84,55,67,58,75,62,stop
84,55,68,58,73,60,stop
82,56,66,58,72,59,stop
82,60,65,60,70,59,stop
82,58,64,59,68,59,stop
82,58,67,61,66,57,stop
81,58,65,60,66,60,stop
82,57,69,59,64,59,stop
81,57,69,60,63,60,stop
81,56,68,59,63,58,stop
83,60,67,59,61,57,stop
82,61,67,59,60,58,stop
82,60,67,60,60,58,stop
82,59,69,59,60,59,stop
82,57,67,60,60,63,stop
82,62,66,60,62,63,stop
82,59,67,60,62,64,stop
84,59,67,60,64,62,stop
84,57,65,61,63,63,stop
84,58,66,61,64,63,stop
82,62,67,60,64,61,stop
83,60,68,60,67,61,stop
81,58,66,60,69,62,stop
79,58,65,60,69,64,stop
79,59,64,60,69,64,stop
80,60,66,61,69,64,stop
79,61,68,61,68,65,stop
79,59,67,61,69,65,stop
79,59,67,61,69,64,stop
79,58,66,60,71,64,stop
78,58,64,60,71,71,stop
78,58,67,59,71,71,stop
75,60,70,59,71,70,stop
73,60,68,59,71,70,stop
72,59,68,59,73,70,stop
71,57,65,58,74,68,stop
71,57,66,57,75,67,stop
70,59,65,57,76,67,stop
70,59,67,56,78,69,stop
69,59,67,57,80,70,stop
69,59,69,56,82,73,stop
66,60,70,55,84,76,stop
66,61,70,57,85,84,stop
65,62,71,54,87,82,stop
65,65,68,55,88,80,stop
62,63,66,54,91,79,stop
61,62,68,53,93,81,stop
60,61,68,52,94,82,stop
59,60,70,55,96,83,stop
58,59,70,54,96,85,stop
56,63,68,53,99,82,stop
55,61,65,53,99,79,stop
53,60,65,52,103,85,stop
53,59,64,52,103,86,stop
53,58,62,53,101,85,stop
53,59,64,53,101,84,stop
51,57,63,53,102,86,stop
49,63,65,51,102,90,stop
50,61,64,51,102,86,stop
50,61,63,51,104,84,stop
50,60,64,51,105,88,stop
49,61,68,50,104,83,stop
48,63,68,53,104,83,stop
47,62,66,52,104,82,stop
47,63,68,54,104,85,stop
47,62,68,53,104,84,stop
45,64,65,54,102,84,stop
45,61,65,54,102,81,stop
45,61,63,53,100,88,stop
44,62,62,53,99,82,stop
44,63,66,54,98,90,stop
45,63,65,55,95,87,stop
45,61,65,54,94,88,stop
46,61,64,54,92,87,stop
48,62,64,53,92,87,stop
47,62,62,53,91,85,stop
49,62,63,55,91,84,stop
50,63,63,54,92,82,stop
52,63,64,54,87,77,stop
52,67,62,55,85,76,stop
52,67,65,55,84,77,stop
52,67,66,57,83,82,stop
52,69,64,57,83,83,stop
53,68,65,56,85,84,stop
54,70,62,57,87,81,stop
54,70,62,57,87,78,stop
57,73,65,58,89,80,stop
58,72,65,57,89,83,stop
58,74,64,59,90,87,stop
58,78,63,58,88,83,stop
58,77,63,58,88,84,stop
59,75,60,59,89,84,stop
59,77,62,61,90,87,stop
60,76,61,60,91,89,stop
60,76,60,59,89,87,stop
60,77,59,60,90,92,stop
60,79,62,60,91,88,stop
61,78,61,61,92,86,stop
62,76,62,60,93,83,stop
62,76,62,58,94,81,stop
63,77,63,58,93,80,stop
63,83,66,57,95,81,stop
64,80,65,56,93,79,stop
67,79,64,57,93,81,stop
67,80,64,58,94,85,stop
66,76,62,56,94,82,stop
68,74,63,57,96,79,stop
68,73,62,56,97,82,stop
69,74,64,57,96,87,stop
69,74,62,57,98,83,stop
71,74,64,57,97,78,stop
71,78,62,56,98,76,stop
72,77,63,56,99,82,stop
73,77,61,60,97,86,stop
74,76,60,59,100,84,stop
75,77,59,57,99,79,stop
77,84,58,57,101,77,stop
80,83,59,57,100,75,stop
79,82,60,57,99,80,stop
80,80,62,57,100,81,stop
81,79,62,58,100,81,stop
81,76,63,57,101,79,stop
82,76,63,57,103,76,stop
82,74,61,56,103,74,stop
82,74,60,56,104,76,stop
82,80,59,56,105,74,stop
82,83,59,56,107,71,stop
82,83,60,55,105,72,stop
80,80,60,56,106,70,stop
80,85,61,55,106,69,stop
80,85,62,54,104,67,stop
80,86,62,55,106,68,stop
81,89,62,54,106,71,stop
83,93,61,56,106,73,stop
83,92,60,55,105,74,stop
82,92,59,56,105,76,stop
85,90,63,57,104,76,stop
84,89,62,57,105,75,stop
86,85,60,57,102,74,stop
88,87,61,57,103,74,stop
88,97,61,56,104,78,stop
89,92,59,58,101,82,stop
89,91,60,57,100,82,stop
89,90,64,60,99,82,stop
90,94,63,58,98,82,stop
90,95,63,57,96,83,stop
91,95,65,59,94,82,stop
89,91,63,58,93,78,stop
90,90,61,58,92,79,stop
89,93,60,57,90,80,stop
89,95,62,58,87,80,stop
87,94,63,58,86,84,stop
87,92,63,59,84,87,stop
88,91,63,60,83,84,stop
89,90,63,59,80,93,stop
89,91,62,58,76,95,stop
90,91,61,59,74,95,stop
90,90,60,59,71,94,stop
90,95,62,60,68,97,stop
90,93,64,58,66,96,stop
90,94,64,59,66,93,stop
90,95,63,60,63,95,stop
90,94,63,60,63,93,stop
90,93,62,59,64,94,stop
90,92,62,60,61,94,stop
88,94,61,59,61,95,stop
89,96,61,60,60,92,stop
89,92,61,60,61,97,stop
88,90,60,61,59,95,stop
88,93,60,60,58,96,stop
87,91,62,59,58,95,stop
88,90,63,59,58,93,stop
88,88,64,59,58,94,stop
86,89,64,58,57,96,stop
86,87,63,60,57,93,stop
86,86,62,59,57,92,stop
88,85,62,58,58,94,stop
88,85,61,57,58,95,stop
88,92,64,56,59,93,stop
87,92,66,55,59,95,stop
88,98,65,56,61,95,stop
88,92,65,54,63,97,stop
87,97,68,54,64,95,stop
87,98,69,54,65,97,stop
85,101,69,54,67,95,stop
84,101,71,54,69,94,stop
84,98,69,56,68,96,stop
80,96,69,55,69,95,stop
77,97,67,55,72,97,stop
76,99,67,55,72,98,stop
73,97,65,55,72,95,stop
71,95,65,56,75,97,stop
67,92,63,56,77,96,stop
66,96,63,56,78,96,stop
63,97,61,55,79,95,stop
60,97,62,54,80,93,stop
61,93,64,55,81,93,stop
60,91,64,57,82,94,stop
61,90,63,56,82,95,stop
61,89,61,56,84,94,stop
62,85,62,55,84,94,stop
63,85,60,55,85,92,stop
63,88,63,56,86,95,stop
64,88,62,55,85,97,stop
66,90,68,54,85,97,stop
68,93,68,55,86,98,stop
70,92,67,55,85,99,stop
73,88,67,55,85,101,stop
76,88,67,56,85,99,stop
78,85,67,55,85,100,stop
81,83,68,54,85,100,stop
83,81,67,56,84,101,stop
84,79,66,56,83,103,stop
86,83,71,56,84,101,stop
87,92,70,56,81,103,stop
86,97,69,56,81,101,stop
81,98,66,57,79,100,stop
80,93,65,57,78,101,stop
78,92,64,60,79,102,stop
77,95,67,58,78,102,stop
76,98,65,58,78,100,stop
74,99,65,59,77,99,stop
74,110,64,60,74,96,stop
74,112,63,60,75,95,stop
72,115,63,60,75,97,stop
71,117,65,59,75,101,stop
72,115,64,58,72,99,stop
71,115,64,59,71,98,stop
70,112,64,62,70,97,stop
68,114,63,62,69,95,stop
67,109,64,61,67,94,stop
69,114,61,60,66,92,stop
68,114,62,61,72,89,stop
68,114,63,60,71,89,stop
70,112,62,60,69,91,stop
70,107,62,60,68,89,stop
69,111,62,59,67,89,stop
70,106,62,58,66,88,stop
70,105,65,58,68,87,stop
69,109,63,56,68,87,stop
68,105,63,56,70,85,stop
67,103,61,55,68,86,stop
68,97,61,57,68,87,stop
67,102,59,56,69,85,stop
69,107,59,57,69,87,stop
66,107,59,58,69,92,stop
63,105,59,56,70,90,stop
60,103,61,56,70,91,stop
59,99,60,55,69,92,stop
56,103,59,55,69,93,stop
55,103,60,55,69,93,stop
54,102,57,56,70,92,stop
55,110,57,57,71,92,stop
54,106,57,56,71,93,stop
54,103,58,56,71,95,stop
57,100,58,58,73,96,stop
57,100,59,56,72,94,stop
59,100,60,56,72,95,stop
60,100,59,55,75,92,stop
61,98,62,54,74,92,stop
62,96,60,54,75,92,stop
63,94,60,55,76,94,stop
64,92,59,55,76,95,stop
63,90,58,55,78,93,stop
64,94,58,53,79,95,stop
65,94,58,53,78,92,stop
65,94,58,52,79,91,stop
67,92,57,54,79,92,stop
68,99,57,54,79,92,stop
67,95,57,53,80,94,stop
67,94,58,52,78,94,stop
69,96,60,54,84,95,stop
70,95,59,52,79,90,stop
71,92,59,52,80,92,stop
72,90,58,51,79,95,stop
73,91,57,51,79,96,stop
76,92,57,52,81,95,stop
76,91,57,51,81,94,stop
76,94,57,51,79,92,stop
77,97,57,51,77,91,stop
75,98,57,52,78,93,stop
75,93,57,53,78,93,stop
77,98,57,52,77,94,stop
78,96,56,55,75,95,stop
78,95,56,55,78,93,stop
79,93,56,54,76,90,stop
79,95,57,53,74,90,stop
79,107,59,54,75,88,stop
79,119,58,52,73,89,stop
80,117,57,52,71,88,stop
80,119,55,52,71,86,stop
79,115,60,51,68,86,stop
79,111,59,51,69,82,stop
79,112,59,51,67,85,stop
79,110,57,51,67,85,stop
78,111,56,51,65,85,stop
78,109,58,51,65,83,stop
79,105,57,52,64,81,stop
76,102,56,51,64,84,stop
75,111,59,51,63,83,stop
75,115,59,51,63,84,stop
76,114,58,51,64,82,stop
75,114,58,51,62,81,stop
73,108,57,52,62,83,stop
75,110,56,51,61,83,stop
74,111,56,52,59,85,stop
71,107,54,54,60,87,stop
70,108,54,53,59,85,stop
68,107,54,52,58,89,stop
67,110,53,52,59,87,stop
66,114,54,53,58,84,stop
64,112,57,55,59,85,stop
64,107,59,55,57,81,stop
64,109,59,54,58,79,stop
61,105,58,53,57,78,stop
61,103,57,53,58,79,stop
60,108,55,52,59,79,stop
59,106,54,52,58,80,stop
58,109,56,50,58,78,stop
57,111,56,51,60,79,stop
54,115,56,51,60,80,stop
53,109,57,52,61,79,stop
53,109,57,52,62,76,stop
52,104,61,52,61,77,stop
51,106,62,52,62,81,stop
49,106,62,54,63,82,stop
48,102,63,54,63,79,stop
46,102,60,52,65,79,stop
47,103,61,53,62,78,stop
45,102,58,53,62,78,stop
46,97,58,53,60,78,stop
45,100,58,53,61,78,stop
48,103,59,52,63,79,stop
46,105,59,51,61,77,stop
46,106,58,50,63,75,stop
45,106,59,51,62,74,stop
46,108,61,52,62,72,stop
48,109,60,53,60,71,stop
49,106,59,51,61,70,stop
48,103,61,50,60,70,stop
50,101,61,50,60,72,stop
50,98,59,50,59,71,stop
52,97,58,49,59,69,stop
51,95,58,51,59,66,stop
51,96,57,50,58,65,stop
50,103,57,51,58,68,stop
51,98,60,52,58,67,stop
52,96,61,51,58,65,stop
51,94,60,51,58,67,stop
52,97,60,51,57,66,stop
52,92,58,49,59,66,stop
52,99,57,49,58,68,stop
50,100,57,50,56,69,stop
52,107,58,49,56,67,stop
52,106,61,48,57,68,stop
51,108,59,48,59,66,stop
50,111,58,48,56,66,stop
51,108,58,48,55,65,stop
51,104,59,53,56,64,stop
50,98,60,52,55,62,stop
49,96,60,51,56,62,stop
50,95,61,50,55,65,stop
51,102,58,50,55,64,stop
49,100,58,51,55,63,stop
48,102,59,50,54,65,stop
47,100,59,52,56,63,stop
47,100,62,54,55,64,stop
45,104,63,53,55,66,stop
44,102,61,53,54,72,stop
45,97,61,54,56,69,stop
45,98,60,53,58,72,stop
44,99,61,52,57,77,stop
45,100,61,51,56,76,stop
48,100,62,51,56,73,stop
49,106,62,53,57,71,stop
50,107,62,54,56,69,stop
52,110,63,53,59,69,stop
55,109,61,53,58,69,stop
56,111,62,53,58,67,stop
57,112,60,55,59,66,stop
60,111,61,54,59,64,stop
63,106,61,53,60,65,stop
61,101,62,53,60,67,stop
63,103,62,51,60,68,stop
63,106,60,51,60,65,stop
63,108,59,52,62,69,stop
64,111,60,51,60,67,stop
64,109,60,51,60,64,stop
63,106,62,51,60,64,stop
64,100,65,52,60,64,stop
66,99,63,51,60,64,stop
65,101,62,51,62,62,stop
66,99,60,52,59,64,stop
65,96,60,54,63,64,stop
65,100,61,54,63,63,stop
64,96,61,52,62,62,stop
65,97,63,52,59,61,stop
66,100,63,52,59,61,stop
67,102,62,52,58,64,stop
68,104,60,51,58,68,stop
68,104,59,50,61,66,stop
68,99,59,50,61,67,stop
68,95,58,52,57,67,stop
68,95,58,52,57,66,stop
69,94,59,52,56,66,stop
69,96,60,52,56,65,stop
67,105,60,51,57,68,stop
66,102,59,51,58,68,stop
65,98,59,51,58,70,stop
65,97,60,52,56,69,stop
63,94,58,51,56,68,stop
63,92,58,51,55,66,stop
62,92,57,52,53,66,stop
61,92,58,52,53,70,stop
58,93,57,52,54,70,stop
57,91,59,50,53,71,stop
56,92,59,51,55,70,stop
54,95,58,49,54,70,stop
52,97,58,50,54,71,stop
51,94,58,50,58,69,stop
51,92,57,50,58,68,stop
52,92,56,50,58,70,stop
51,96,55,50,58,69,stop
51,96,57,49,59,69,stop
49,92,55,49,58,69,stop
49,93,57,49,58,72,stop
48,91,55,50,60,72,stop
46,87,55,49,59,74,stop
46,97,55,50,61,71,stop
45,106,55,51,61,71,stop
46,103,56,50,59,70,stop
45,109,58,51,57,71,stop
44,107,59,51,56,69,stop
44,105,58,51,59,71,stop
44,109,57,52,59,70,stop
43,104,57,52,58,73,stop
42,103,60,51,62,74,stop
44,99,59,50,61,75,stop
43,96,60,51,61,72,stop
42,94,59,51,60,72,stop
44,97,59,50,58,69,stop
43,91,58,54,59,73,stop
44,92,59,55,59,72,stop
43,89,65,53,59,71,stop
44,87,63,53,57,73,stop
48,88,64,52,55,71,stop
48,87,63,51,55,75,stop
50,90,61,52,56,76,stop
55,90,59,51,57,75,stop
59,90,58,51,57,74,stop
64,87,58,51,56,77,stop
68,91,56,50,57,78,stop
72,89,58,49,56,79,stop
77,92,57,50,55,82,stop
80,88,58,48,54,84,stop
81,87,58,48,55,83,stop
84,86,56,48,55,83,stop
87,86,58,49,54,86,stop
87,87,57,49,53,85,stop
87,86,57,49,56,84,stop
87,90,56,48,57,83,stop
85,88,57,48,58,87,stop
85,87,56,47,57,88,stop
84,92,55,48,59,87,stop
85,92,55,48,58,86,stop
85,91,54,49,56,84,stop
84,86,54,49,56,88,stop
84,88,55,48,55,88,stop
82,94,54,49,55,88,stop
80,94,55,50,55,90,stop
78,91,53,49,55,88,stop
73,91,53,50,55,88,stop
72,93,53,49,55,94,stop
69,88,55,49,59,95,stop
66,86,56,49,59,93,stop
66,83,57,50,58,92,stop
63,83,57,49,58,93,stop
61,88,58,50,58,94,stop
60,85,57,49,58,96,stop
58,83,58,49,61,93,stop
58,82,55,50,63,94,stop
57,81,57,52,63,94,stop
57,81,56,53,62,91,stop
56,85,56,53,62,91,stop
57,86,56,53,61,92,stop
58,88,56,53,64,91,stop
59,88,56,53,62,93,stop
60,85,57,53,64,94,stop
61,89,55,54,62,94,stop
62,91,56,53,63,93,stop
62,87,56,56,62,93,stop
65,85,55,56,61,94,stop
65,86,57,56,59,94,stop
64,87,57,56,60,91,stop
64,86,57,57,59,89,stop
62,84,56,58,60,92,stop
61,81,56,59,62,94,stop
61,85,57,57,60,90,stop
59,87,56,56,60,94,stop
58,95,55,58,59,93,stop
57,92,58,58,60,93,stop
55,89,58,61,60,92,stop
57,91,58,65,61,92,stop
59,92,57,63,63,90,stop
56,91,56,64,61,91,stop
55,91,55,63,60,92,stop
54,87,55,64,61,92,stop
54,86,55,64,62,91,stop
53,83,56,64,62,90,stop
52,87,57,64,61,89,stop
51,94,56,63,60,88,stop
49,97,56,61,60,88,stop
48,93,57,62,60,87,stop
49,91,55,62,59,86,stop
48,89,56,62,60,84,stop
48,88,54,62,60,84,stop
48,83,56,64,61,87,stop
47,80,55,62,61,86,stop
47,80,55,61,60,84,stop
47,81,54,62,60,82,stop
47,78,53,62,59,81,stop
49,78,54,62,57,83,stop
48,74,54,63,58,82,stop
47,75,53,63,59,83,stop
46,74,53,62,59,79,stop
46,75,53,61,60,80,stop
45,73,53,61,58,80,stop
46,74,54,64,58,80,stop
45,81,54,64,57,80,stop
45,79,56,63,56,79,stop
45,81,54,61,59,77,stop
45,79,54,62,59,78,stop
46,76,55,61,59,79,stop
47,77,56,61,58,79,stop
50,79,55,61,59,79,stop
51,79,56,61,60,80,stop
51,78,56,63,60,76,stop
54,78,56,62,60,77,stop
54,83,55,61,61,78,stop
57,81,55,60,62,76,stop
56,81,58,59,63,74,stop
55,79,55,59,63,76,stop
56,78,55,62,62,79,stop
55,79,56,60,61,80,stop
56,85,54,62,61,79,stop
55,81,54,60,60,79,stop
54,79,54,58,60,77,stop
54,78,55,56,60,76,stop
52,76,56,56,58,75,stop
52,77,57,55,60,75,stop
52,80,59,54,60,73,stop
50,80,57,55,60,74,stop
51,78,58,55,59,73,stop
49,77,56,54,60,75,stop
48,73,56,55,57,74,stop
49,76,56,55,57,74,stop
48,77,56,56,56,75,stop
50,75,56,55,56,75,stop
51,77,58,55,56,73,stop
51,75,58,54,56,73,stop
50,76,56,54,56,72,stop
51,75,57,53,57,74,stop
51,76,57,54,57,74,stop
52,74,57,54,55,74,stop
51,73,58,56,55,73,stop
51,71,57,54,55,72,stop
50,72,57,56,56,72,stop
49,72,56,56,55,74,stop
50,70,57,54,53,72,stop
51,74,57,54,54,73,stop
51,71,56,56,55,74,stop
50,73,55,57,56,72,stop
50,74,57,58,56,73,stop
50,75,58,58,56,72,stop
49,76,58,56,56,71,stop
51,78,57,63,57,68,stop
53,79,56,64,56,67,stop
54,78,57,64,57,71,stop
55,78,56,62,57,72,stop
55,78,55,60,58,71,stop
55,78,56,58,59,73,stop
53,76,55,58,58,71,stop
52,75,55,61,59,71,stop
52,80,54,62,58,70,stop
49,80,57,61,58,71,stop
49,80,56,62,56,69,stop
50,81,56,62,55,68,stop
52,78,56,63,55,69,stop
53,78,55,61,56,69,stop
53,77,54,61,57,68,stop
52,75,55,59,58,68,stop
54,76,54,58,58,68,stop
57,74,54,57,57,65,stop
59,72,53,60,56,67,stop
60,72,54,64,56,72,stop
61,73,56,63,54,71,stop
65,74,55,61,56,69,stop
69,73,56,59,57,70,stop
72,73,58,61,57,68,stop
73,74,58,61,60,68,stop
77,74,59,58,59,68,stop
80,76,58,60,57,68,stop
82,74,57,62,58,65,stop
84,79,56,62,60,69,stop
83,80,56,61,61,67,stop
87,82,55,60,60,64,stop
88,85,55,58,58,65,stop
91,83,54,59,57,67,stop
94,79,55,60,56,65,stop
95,77,57,59,56,64,stop
97,78,55,60,58,63,stop
97,77,55,60,57,62,stop
99,81,56,59,57,63,stop
99,80,55,61,56,64,stop
102,78,57,60,55,65,start
102,80,56,63,54,65,start
104,78,57,61,54,65,start
105,81,59,61,54,64,start
105,80,63,59,53,63,start
105,84,62,64,53,64,start
106,83,61,62,54,64,start
106,81,60,61,55,63,start
107,83,60,59,55,65,start
106,81,60,58,55,65,start
106,78,61,58,56,67,start
106,76,60,57,56,73,start
106,76,60,58,55,70,start
107,76,62,58,55,69,start
107,77,59,57,54,68,start
105,80,59,56,54,65,start
105,80,59,58,56,64,start
102,78,59,57,56,66,start
97,78,59,56,56,63,stop
96,78,60,56,55,66,stop
94,76,57,62,53,63,stop
90,76,56,61,53,64,stop
87,75,55,60,54,65,stop
83,76,58,58,54,64,stop
80,77,57,58,52,67,stop
77,75,56,57,52,65,stop
73,73,56,59,54,65,stop
68,71,56,60,54,65,stop
65,73,58,60,54,64,stop
63,75,56,56,53,65,stop
61,74,55,56,52,64,stop
61,79,55,56,52,66,stop
61,81,54,57,54,68,stop
62,84,55,61,54,69,stop
63,83,53,62,53,68,stop
63,80,55,60,54,67,stop
62,81,55,59,54,66,stop
64,81,55,58,54,66,stop
65,83,55,60,55,67,stop
65,83,55,59,53,70,stop
64,82,54,58,55,68,stop
65,83,54,57,55,69,stop
65,82,55,57,57,70,stop
64,85,54,58,57,71,stop
64,82,54,58,55,68,stop
62,87,54,55,55,67,stop
60,87,53,59,56,66,stop
60,86,54,60,57,64,stop
58,87,54,59,58,65,stop
57,86,53,59,60,65,stop
57,84,52,58,61,66,stop
57,80,53,59,60,64,stop
54,78,53,56,60,64,stop
54,77,54,58,60,67,stop
51,79,53,57,63,63,stop
51,79,53,57,62,65,stop
48,79,53,55,63,63,stop
48,80,53,56,64,64,stop
48,79,54,56,63,62,stop
47,77,54,56,61,64,stop
47,75,54,56,62,63,stop
47,79,54,57,64,63,stop
46,78,56,56,63,61,stop
46,79,57,56,61,63,stop
46,77,56,58,60,62,stop
46,79,56,56,59,64,stop
46,80,55,56,58,62,stop
46,84,54,56,60,64,stop
48,80,55,56,59,63,stop
48,80,56,54,57,65,stop
48,78,55,55,58,64,stop
47,77,56,55,58,62,stop
47,75,62,55,58,60,stop
47,76,63,55,57,61,stop
49,76,62,55,59,61,stop
51,77,60,57,60,60,stop
51,75,59,57,59,63,stop
52,73,59,58,60,64,stop
56,73,61,57,61,63,stop
59,73,61,57,61,63,stop
60,78,60,56,62,61,stop
63,79,60,54,64,61,stop
63,79,58,54,63,66,stop
65,77,59,52,64,63,stop
66,76,63,53,64,63,stop
69,76,64,54,65,62,stop
71,78,63,53,64,61,stop
73,81,61,54,64,60,stop
75,82,62,55,63,60,stop
77,80,61,53,65,59,stop
78,80,64,54,64,58,stop
79,77,66,55,64,57,stop
80,76,67,54,63,60,stop
81,79,64,54,65,60,stop
83,79,63,53,65,61,stop
83,77,61,53,63,61,stop
85,75,62,53,65,63,stop
86,77,60,55,66,62,stop
88,80,60,54,67,67,stop
91,79,58,53,67,66,stop
95,78,57,54,68,64,stop
97,77,57,54,66,63,stop
98,73,58,55,66,69,stop
104,72,61,56,65,69,start
112,72,61,57,65,68,start
115,78,62,56,65,67,start
118,78,61,57,68,65,start
118,78,60,56,68,67,start
120,79,58,59,66,64,start
121,79,58,58,65,62,start
123,79,57,57,63,61,start
125,77,59,56,62,64,start
129,77,60,57,64,65,start
130,77,60,57,65,61,start
132,76,58,55,64,62,start
132,76,59,60,63,62,start
135,73,59,58,62,63,start
137,73,60,57,61,62,start
138,74,60,56,63,62,start
140,73,59,57,62,61,start
141,80,60,56,63,62,start
141,82,60,59,61,60,start
141,82,61,57,61,63,start
140,83,62,58,61,66,start
138,81,63,58,62,64,start
137,79,62,57,62,65,start
136,79,61,57,61,66,start
133,77,60,58,60,63,start
134,74,59,58,58,62,start
132,71,59,57,59,61,start
129,71,58,57,57,61,start
125,70,58,58,57,62,start
125,74,58,60,57,65,start
123,74,58,61,57,67,start
120,74,58,59,58,65,start
118,73,57,59,57,63,start
116,72,57,59,57,61,start
112,72,55,58,57,59,start
109,73,55,59,59,59,start
105,76,56,57,59,62,start
106,75,58,57,58,61,start
105,77,58,57,58,60,start
102,75,56,59,59,59,start
101,74,55,57,60,60,start
96,78,55,57,59,66,stop
92,78,55,57,58,67,stop
89,80,56,58,57,66,stop
86,79,55,60,56,64,stop
86,79,57,61,56,64,stop
82,76,57,61,56,61,stop
79,75,55,60,57,65,stop
76,77,56,60,56,67,stop
76,75,54,61,56,66,stop
79,73,54,61,61,65,stop
83,73,56,62,61,64,stop
92,73,55,61,62,66,stop
94,74,56,60,63,67,stop
96,72,54,65,61,67,stop
99,77,53,65,60,65,stop
102,77,55,64,59,64,start
112,77,61,65,59,61,start
115,76,57,66,62,61,start
115,75,57,66,63,61,start
114,75,57,67,62,62,start
114,77,58,69,61,62,start
114,76,58,69,62,63,start
114,75,57,66,63,64,start
113,72,58,70,62,62,start
112,73,60,67,64,64,start
111,71,59,77,65,63,start
110,72,59,73,62,64,start
108,71,60,76,61,65,start
107,73,60,74,60,67,start
105,73,58,77,59,71,start
107,79,57,75,61,72,start
104,77,57,74,61,73,start
102,77,56,72,61,74,start
107,80,56,72,62,74,start
102,80,59,73,60,78,start
98,82,59,75,60,78,stop
97,81,58,76,60,83,stop
94,79,56,75,61,85,stop
92,81,57,74,62,85,stop
90,88,56,73,60,87,stop
89,86,56,73,60,87,stop
87,84,57,76,59,90,stop
91,86,57,77,62,91,stop
87,87,57,72,62,92,stop
86,86,57,75,60,94,stop
84,86,57,75,60,94,stop
81,87,57,76,62,97,stop
80,82,58,77,63,98,stop
79,82,56,75,64,101,stop
74,85,57,74,63,103,stop
75,85,57,75,62,101,stop
72,85,56,73,63,106,stop
70,88,56,74,63,106,stop
68,98,55,75,65,105,stop
68,103,58,76,64,107,stop
75,110,56,75,65,109,stop
85,112,56,77,70,107,stop
90,110,55,76,68,108,stop
97,109,54,78,66,110,stop
103,108,57,77,63,111,front
109,109,57,78,68,112,front
110,105,57,77,70,114,front
115,108,56,74,69,114,front
118,102,55,75,68,117,front
120,101,57,76,66,116,front
118,98,56,75,65,116,front
119,98,55,75,66,116,front
122,96,58,73,65,114,front
119,96,57,75,64,117,front
123,96,56,74,65,117,front
120,100,58,75,63,116,front
123,100,59,72,62,116,front
119,97,58,72,62,114,front
116,93,57,72,62,114,front
113,93,56,80,62,112,front
110,97,56,78,67,113,front
107,97,57,77,65,114,front
101,96,57,76,68,114,front
97,97,56,75,67,113,right
93,101,57,72,67,112,right
91,98,55,73,65,113,right
87,95,56,74,64,112,right
84,93,54,72,68,114,right
82,95,59,74,67,116,right
79,89,58,75,68,116,right
78,88,57,74,67,118,right
75,89,56,74,65,119,right
73,87,55,72,68,118,right
70,85,56,71,68,120,right
68,83,55,71,68,124,right
67,80,56,74,68,122,right
70,80,55,71,68,124,right
76,82,54,72,67,124,right
79,81,54,74,65,124,right
89,86,54,73,65,124,right
101,85,53,78,64,125,front
104,85,52,74,65,125,front
116,85,54,75,67,128,front
127,85,55,73,64,127,front
135,85,54,74,64,128,front
141,82,56,77,64,128,front
135,80,55,77,69,129,front
125,82,54,74,66,130,front
117,85,54,73,65,128,front
109,88,55,73,63,127,front
103,88,55,76,61,126,front
98,88,54,76,60,123,stop
93,88,56,74,63,123,stop
88,86,55,70,61,123,stop
85,83,55,67,62,123,stop
83,79,55,70,61,123,stop
80,80,56,70,60,119,stop
78,80,55,68,59,118,stop
81,80,54,67,59,117,stop
81,78,54,64,58,116,stop
78,77,56,62,58,115,stop
82,84,55,60,57,112,stop
82,87,58,60,57,110,stop
79,85,61,65,60,108,stop
77,84,58,65,58,107,stop
78,82,57,63,56,105,stop
76,78,56,61,58,104,stop
75,80,56,59,61,101,stop
72,80,55,60,64,100,stop
73,78,57,64,63,99,stop
73,79,57,64,63,97,stop
74,77,56,62,62,97,stop
74,77,58,61,60,96,stop
74,76,57,61,59,93,stop
78,75,56,61,60,90,stop
78,81,54,62,60,93,stop
80,81,55,61,61,91,stop
83,78,56,63,63,88,stop
86,78,54,62,67,86,stop
87,79,55,61,65,84,stop
88,81,56,61,64,81,stop
88,81,55,62,63,79,stop
91,80,57,61,62,80,stop
93,85,56,62,59,78,stop
93,86,56,61,62,77,stop
91,84,58,63,60,75,stop
93,84,58,66,62,73,stop
92,88,55,64,58,74,stop
97,92,56,63,57,72,stop
98,90,55,63,58,71,stop
97,87,53,61,61,68,stop
93,87,54,65,60,67,stop
95,86,55,63,61,65,stop
93,83,55,62,59,65,stop
98,82,54,60,57,65,stop
99,81,54,59,59,64,stop
101,79,55,59,58,63,start
101,79,56,59,59,60,start
101,84,56,61,59,60,start
98,81,54,61,58,62,stop
100,83,53,61,56,62,start
101,86,56,61,57,62,start
100,83,56,62,56,64,start
101,85,57,61,59,63,start
103,83,58,61,59,63,start
101,81,58,61,60,61,start
97,80,56,62,58,61,stop
98,80,56,64,58,61,stop
95,80,55,62,58,60,stop
97,75,56,62,60,62,stop
98,76,55,62,60,62,stop
98,78,55,63,60,61,stop
99,76,54,64,59,60,stop
98,75,55,64,60,62,stop
97,77,54,63,58,61,stop
99,74,56,64,58,61,stop
101,76,54,63,56,58,right
101,74,53,64,57,59,right
100,85,54,64,58,61,right
100,83,52,63,61,61,right
102,84,53,62,62,60,right
101,83,54,62,61,59,right
103,82,54,65,62,62,right
104,82,55,63,61,64,right
102,78,56,62,64,65,right
99,80,58,63,64,63,left
100,79,58,62,61,61,right
105,78,57,62,61,62,right
108,75,58,62,62,62,right
106,75,60,61,61,64,right
108,79,59,60,60,65,right
110,77,59,63,61,64,right
111,75,58,61,60,62,right
114,75,60,60,60,61,right
114,83,63,59,60,62,right
115,82,63,60,60,60,right
112,85,60,59,59,59,right
116,87,59,60,57,58,right
115,91,59,62,57,59,right
115,93,57,60,58,59,right
116,90,59,61,59,60,right
113,89,61,60,58,60,right
116,85,60,61,59,59,right
114,82,64,62,58,59,right
113,81,62,62,56,58,right
114,78,61,61,55,58,right
112,81,62,61,55,62,right
114,80,63,60,58,59,right
114,80,61,61,59,58,right
114,80,62,61,59,56,right
111,79,61,61,58,56,right
111,81,61,59,58,60,right
113,82,62,60,58,57,right
117,82,64,59,59,58,right
117,84,63,60,58,59,right
116,82,62,58,57,62,right
115,80,63,64,58,62,right
113,82,62,62,57,59,right
111,80,63,63,58,58,right
112,80,63,62,63,57,right
111,85,65,63,63,56,right
109,93,64,63,61,59,right
111,97,64,63,61,60,right
109,96,62,63,61,62,right
110,97,62,62,63,62,right
108,91,64,63,60,61,right
106,90,65,62,60,60,right
106,86,64,62,59,58,right
106,85,64,62,60,58,right
106,89,63,63,61,57,right
104,88,61,61,61,55,right
102,88,64,62,59,58,right
104,91,63,61,58,57,right
104,90,62,61,58,61,right
103,88,62,59,57,61,right
102,84,64,60,58,62,right
102,88,66,59,60,59,right
102,89,66,60,61,58,right
101,87,64,60,59,57,right
100,82,64,63,59,56,right
98,83,62,64,59,55,left
95,85,62,63,63,54,left
92,83,60,62,61,58,left
96,85,60,61,60,63,left
96,84,60,61,60,62,left
91,84,59,61,58,61,left
92,83,58,60,57,59,left
91,85,59,61,57,59,left
92,83,58,63,57,61,left
86,83,57,62,56,60,left
85,82,57,62,58,59,left
82,82,57,61,58,56,left
80,79,58,63,57,57,left
79,81,56,65,58,59,left
77,82,56,68,61,64,left
76,90,56,67,63,65,left
75,92,56,66,61,64,left
75,90,54,67,61,63,left
75,89,55,64,61,62,left
72,87,54,65,59,60,left
74,86,56,65,58,60,left
73,85,55,66,58,60,left
73,90,54,64,58,60,left
71,86,54,66,59,60,left
70,87,54,66,59,59,left
69,87,56,65,60,60,left
69,86,55,62,58,60,left
69,83,55,63,61,61,left
68,80,53,62,65,59,left
68,79,54,62,64,59,left
68,76,55,63,64,59,left
68,76,57,61,62,60,left
69,79,59,60,62,59,left
67,84,58,60,63,58,left
66,82,57,59,63,59,left
63,81,55,63,63,58,left
64,80,55,62,63,59,left
65,79,55,62,62,57,left
64,80,57,62,60,56,left
66,82,57,61,59,56,left
63,85,55,60,61,60,left
62,84,58,59,60,61,left
61,85,59,60,60,61,left
60,86,59,60,60,59,left
58,86,57,60,58,58,left
58,84,56,58,59,60,left
59,80,59,62,60,59,left
57,85,61,60,61,62,left
55,87,60,61,63,59,left
55,85,62,60,61,57,left
55,85,60,62,59,55,left
54,84,63,61,60,55,left
54,88,63,59,59,55,left
53,88,63,60,59,57,left
56,86,61,59,57,57,left
57,85,60,63,57,56,left
55,85,59,62,57,54,left
54,85,58,60,60,54,left
52,94,58,60,60,54,left
51,95,60,61,59,54,left
50,92,61,59,59,53,left
51,91,62,60,58,54,left
51,89,61,61,58,54,left
53,86,61,60,56,54,left
53,89,60,60,57,53,left
52,88,59,61,57,55,left
52,88,57,60,58,55,left
51,86,59,62,58,55,left
50,87,61,64,60,58,left
54,84,60,62,58,57,left
54,87,61,61,59,56,left
54,92,60,61,58,58,left
55,89,60,59,59,56,left
54,90,61,61,58,56,left
54,94,61,60,57,57,left
57,94,62,61,59,58,left
65,91,61,62,56,57,left
77,87,60,63,56,57,left
88,86,59,62,56,57,left
95,88,60,65,61,58,left
101,87,60,65,60,60,right
111,86,59,63,60,61,right
116,85,60,63,64,61,right
117,94,59,61,64,59,right
120,93,58,63,62,58,right
121,93,59,64,62,57,right
121,90,59,64,60,57,right
122,91,59,62,60,58,right
122,95,57,63,59,57,right
119,92,56,62,60,58,right
120,87,55,65,58,57,right
118,85,56,64,60,58,right
117,86,55,64,61,58,right
114,83,54,65,59,57,right
113,80,55,67,60,58,right
112,79,55,67,60,58,right
107,79,55,66,59,58,right
104,77,54,66,58,57,right
102,75,53,65,60,57,right
100,75,56,69,61,55,right
98,73,56,70,60,55,left
96,70,55,69,60,58,left
96,72,58,66,63,59,left
92,78,56,64,63,58,left
89,88,56,64,63,58,left
87,86,58,66,67,61,left
86,84,56,66,68,59,left
86,83,56,66,65,61,left
83,79,57,68,65,60,left
82,81,59,67,63,62,left
83,83,58,66,63,63,left
82,80,58,65,63,64,left
80,86,60,66,62,66,left
81,88,61,64,60,68,left
80,85,60,65,59,69,left
79,81,61,67,59,71,left
81,81,61,67,59,73,left
79,80,61,65,61,74,left
79,82,61,64,58,75,left
80,81,60,63,60,77,left
80,86,61,64,64,81,left
78,83,63,64,65,80,left
76,83,62,61,64,81,left
80,80,60,60,64,84,left
81,80,62,63,63,85,left
81,84,62,63,63,88,left
82,81,60,66,62,90,left
81,80,65,63,62,92,left
84,78,61,62,61,94,left
86,79,60,62,59,96,left
89,86,59,62,61,99,left
87,86,59,60,60,102,left
89,84,59,65,60,104,left
90,82,60,64,59,107,left
91,79,60,63,59,112,left
87,78,61,63,58,116,left
87,75,59,63,59,118,left
86,76,59,61,59,120,left
86,77,60,67,59,125,left
83,78,62,66,59,127,left
83,77,62,64,61,131,left
83,85,60,63,60,134,left
84,85,60,62,61,138,left
80,84,60,63,61,141,left
81,81,61,64,61,143,left
81,83,60,63,61,146,left
79,84,61,62,61,148,left
80,83,59,61,64,151,left
78,82,58,60,61,158,left
79,88,58,61,63,157,left
76,91,58,61,65,161,left
75,91,57,62,63,163,left
75,88,56,61,61,166,left
74,85,57,60,65,170,left
73,88,55,60,63,171,left
73,88,59,64,64,177,left
70,87,61,64,64,176,left
69,83,61,63,65,178,left
69,81,62,62,63,182,left
68,82,61,61,63,185,left
66,88,60,63,65,189,left
64,85,58,63,69,192,left
62,87,59,63,70,194,left
63,83,59,61,68,198,left
63,81,59,63,68,201,left
63,82,59,62,66,201,left
62,81,60,61,66,204,left
62,80,58,63,65,204,left
61,78,57,62,65,203,left
59,77,57,61,63,202,left
58,82,59,60,64,199,left
56,83,58,61,62,195,left
54,81,61,59,64,190,left
53,81,59,59,63,183,left
55,83,60,61,61,177,left
54,84,59,61,64,173,left
52,81,59,62,66,162,left
51,84,58,62,65,151,left
49,84,59,63,66,141,left
48,86,60,63,65,132,left
47,83,59,64,64,123,left
47,81,58,66,66,114,left
46,82,58,65,64,107,left
44,83,57,63,65,104,left
46,83,58,64,65,103,left
48,83,59,62,64,106,left
47,86,59,64,64,109,left
45,83,59,65,65,111,left
46,85,58,64,64,119,left
48,83,56,62,63,126,left
51,83,57,63,63,136,left
49,81,57,61,64,146,left
48,80,57,65,64,155,left
49,78,56,65,64,166,left
50,81,56,63,65,174,left
54,77,54,63,65,184,left
53,76,55,61,63,192,left
53,78,58,59,63,200,left
54,78,55,61,65,210,left
55,78,55,63,62,220,left
54,80,55,62,62,231,left
54,83,54,62,62,242,left
55,88,54,59,60,252,left
57,88,53,60,61,264,left
57,86,56,59,59,278,left
59,81,57,57,58,290,left
59,79,56,62,61,304,left
60,78,56,62,59,315,left
61,77,58,61,62,328,left
60,75,60,61,62,339,left
62,75,59,61,62,351,left
65,74,59,61,60,361,left
69,73,57,60,60,370,left
66,74,56,60,59,379,left
66,74,57,59,60,388,left
66,77,56,60,60,398,left
66,74,58,61,61,409,left
65,75,57,63,60,418,left
65,73,58,62,62,434,left
66,73,58,61,62,451,left
65,75,58,61,64,466,left
65,77,57,62,63,482,left
65,79,57,61,61,493,left
65,78,58,62,60,511,left
66,76,58,62,60,524,left
68,76,59,66,61,534,left
68,77,60,68,62,544,left
67,80,61,65,61,551,left
67,79,60,69,60,555,left
66,78,58,67,60,559,left
66,77,56,67,59,559,left
67,78,55,66,59,560,left
69,77,55,65,61,560,left
71,78,55,70,60,554,left
72,77,57,69,59,546,left
74,74,57,67,59,535,left
75,76,55,67,60,518,left
73,73,55,66,59,504,left
74,73,56,65,58,487,left
73,77,55,70,60,467,left
73,76,57,67,59,447,left
73,73,56,71,59,428,left
74,74,56,70,58,406,left
77,73,56,67,58,384,left
76,73,58,66,57,361,left
76,71,57,67,59,339,left
75,71,58,66,58,315,left
75,70,58,69,58,295,left
75,69,59,66,58,272,left
75,70,59,66,56,244,left
77,70,58,66,56,224,left
75,68,57,66,56,212,left
78,66,57,68,56,208,left
76,65,57,65,56,203,left
78,66,60,64,58,200,left
77,68,58,68,58,201,left
75,68,58,67,57,203,left
75,67,59,66,56,205,left
76,66,58,68,58,209,left
79,66,57,65,59,213,left
77,67,56,64,59,216,left
77,68,55,64,59,217,left
77,68,56,65,60,220,left
76,69,58,66,59,222,left
78,67,58,66,57,225,left
78,66,57,65,57,222,left
77,64,58,62,56,222,left
78,65,58,61,57,217,left
78,67,57,60,56,210,left
78,67,58,61,55,196,left
80,68,59,64,55,179,left
81,70,58,63,55,169,left
78,69,57,61,54,164,left
78,69,56,60,58,164,left
78,70,59,60,59,163,left
81,70,60,59,59,161,left
81,68,60,59,61,163,left
83,68,62,63,59,164,left
81,69,60,64,59,167,left
81,68,60,61,61,170,left
81,68,59,60,60,173,left
80,72,58,60,60,176,left
81,73,57,60,60,175,left
82,72,57,63,57,178,left
82,70,55,61,57,182,left
81,73,55,60,56,184,left
82,74,55,60,57,185,left
84,76,55,59,57,186,left
83,73,56,62,58,188,left
83,72,59,62,57,188,left
83,72,59,60,57,188,left
81,69,57,60,56,190,left
82,70,59,60,58,192,left
82,69,59,61,57,192,left
82,69,60,61,58,189,left
82,69,58,63,58,183,left
82,70,57,61,59,176,left
86,70,57,62,61,165,left
84,69,56,63,61,160,left
84,68,57,69,59,151,left
84,68,58,69,58,142,left
103,57,77,57,50,51,front
108,57,76,58,50,53,front
108,57,77,58,51,52,front
106,57,77,59,52,52,front
109,56,78,59,51,51,front
105,56,77,60,51,50,front
105,57,76,61,52,49,front
112,57,75,60,52,50,front
110,56,74,60,52,50,front
111,56,73,62,54,49,front
109,56,72,62,54,49,front
108,56,71,62,55,48,front
105,55,71,61,58,49,front
104,56,71,62,58,48,front
105,56,71,62,58,49,front
106,54,68,63,59,51,front
111,54,70,63,59,50,front
108,54,69,64,62,52,front
109,54,68,63,59,51,front
100,53,68,63,60,52,front
101,54,66,63,61,52,front
100,55,65,63,63,51,front
106,54,64,61,63,52,front
106,55,63,60,64,52,front
102,55,63,59,65,54,front
100,56,64,60,66,53,front
101,56,66,59,69,52,front
101,58,67,57,68,52,front
101,59,66,56,69,53,front
108,61,65,55,70,53,front
105,64,67,54,71,53,front
106,67,67,53,73,54,front
101,67,67,52,73,54,front
99,56,66,62,81,57,stop
98,56,64,61,81,57,stop
96,55,64,62,81,57,stop
96,55,62,61,81,61,stop
95,55,64,61,81,62,stop
93,57,68,60,81,64,stop
92,59,69,60,83,63,stop
91,59,68,59,84,62,stop
92,59,67,61,84,60,stop
92,57,65,60,85,59,stop
92,55,64,59,85,58,stop
92,54,65,59,85,57,stop
89,56,65,58,84,60,stop
89,58,66,59,85,61,stop
88,56,67,59,83,63,stop
87,54,64,57,83,59,stop
86,55,65,58,81,60,stop
85,53,65,57,78,60,stop
84,54,67,58,77,59,stop
84,55,67,58,75,62,stop
84,55,68,58,73,60,stop
82,56,66,58,72,59,stop
82,60,65,60,70,59,stop
82,58,64,59,68,59,stop
82,58,67,61,66,57,stop
81,58,65,60,66,60,stop
82,57,69,59,64,59,stop
81,57,69,60,63,60,stop
81,56,68,59,63,58,stop
83,60,67,59,61,57,stop
82,61,67,59,60,58,stop
82,60,67,60,60,58,stop
82,59,69,59,60,59,stop
82,57,67,60,60,63,stop
82,62,66,60,62,63,stop
82,59,67,60,62,64,stop
84,59,67,60,64,62,stop
84,57,65,61,63,63,stop
84,58,66,61,64,63,stop
82,62,67,60,64,61,stop
83,60,68,60,67,61,stop
81,58,66,60,69,62,stop
79,58,65,60,69,64,stop
79,59,64,60,69,64,stop
80,60,66,61,69,64,stop
79,61,68,61,68,65,stop
79,59,67,61,69,65,stop
79,59,67,61,69,64,stop
79,58,66,60,71,64,stop
78,58,64,60,71,71,stop
78,58,67,59,71,71,stop
75,60,70,59,71,70,stop
73,60,68,59,71,70,stop
72,59,68,59,73,70,stop
71,57,65,58,74,68,stop
71,57,66,57,75,67,stop
70,59,65,57,76,67,stop
70,59,67,56,78,69,stop
69,59,67,57,80,70,stop
69,59,69,56,82,73,stop
66,60,70,55,84,76,stop
66,61,70,57,85,84,stop
65,62,71,54,87,82,stop
65,65,68,55,88,80,stop
62,63,66,54,91,79,stop
61,62,68,53,93,81,stop
60,61,68,52,94,82,stop
59,60,70,55,96,83,stop
58,59,70,54,96,85,stop
56,63,68,53,99,82,stop
55,61,65,53,99,79,stop
53,60,65,52,103,85,stop
53,59,64,52,103,86,stop
53,58,62,53,101,85,stop
53,59,64,53,101,84,stop
51,57,63,53,102,86,stop
49,63,65,51,102,90,stop
50,61,64,51,102,86,stop
50,61,63,51,104,84,stop
50,60,64,51,105,88,stop
49,61,68,50,104,83,stop
48,63,68,53,104,83,stop
47,62,66,52,104,82,stop
47,63,68,54,104,85,stop
47,62,68,53,104,84,stop
45,64,65,54,102,84,stop
45,61,65,54,102,81,stop
45,61,63,53,100,88,stop
44,62,62,53,99,82,stop
44,63,66,54,98,90,stop
45,63,65,55,95,87,stop
45,61,65,54,94,88,stop
46,61,64,54,92,87,stop
48,62,64,53,92,87,stop
47,62,62,53,91,85,stop
49,62,63,55,91,84,stop
50,63,63,54,92,82,stop
52,63,64,54,87,77,stop
52,67,62,55,85,76,stop
52,67,65,55,84,77,stop
52,67,66,57,83,82,stop
52,69,64,57,83,83,stop
53,68,65,56,85,84,stop
54,70,62,57,87,81,stop
54,70,62,57,87,78,stop
57,73,65,58,89,80,stop
58,72,65,57,89,83,stop
58,74,64,59,90,87,stop
58,78,63,58,88,83,stop
58,77,63,58,88,84,stop
59,75,60,59,89,84,stop
59,77,62,61,90,87,stop
60,76,61,60,91,89,stop
60,76,60,59,89,87,stop
60,77,59,60,90,92,stop
60,79,62,60,91,88,stop
61,78,61,61,92,86,stop
62,76,62,60,93,83,stop
62,76,62,58,94,81,stop
63,77,63,58,93,80,stop
63,83,66,57,95,81,stop
64,80,65,56,93,79,stop
67,79,64,57,93,81,stop
67,80,64,58,94,85,stop
66,76,62,56,94,82,stop
68,74,63,57,96,79,stop
68,73,62,56,97,82,stop
69,74,64,57,96,87,stop
69,74,62,57,98,83,stop
71,74,64,57,97,78,stop
71,78,62,56,98,76,stop
72,77,63,56,99,82,stop
73,77,61,60,97,86,stop
74,76,60,59,100,84,stop
75,77,59,57,99,79,stop
77,84,58,57,101,77,stop
80,83,59,57,100,75,stop
79,82,60,57,99,80,stop
80,80,62,57,100,81,stop
81,79,62,58,100,81,stop
81,76,63,57,101,79,stop
82,76,63,57,103,76,stop
82,74,61,56,103,74,stop
82,74,60,56,104,76,stop
82,80,59,56,105,74,stop
82,83,59,56,107,71,stop
82,83,60,55,105,72,stop
80,80,60,56,106,70,stop
80,85,61,55,106,69,stop
80,85,62,54,104,67,stop
80,86,62,55,106,68,stop
81,89,62,54,106,71,stop
83,93,61,56,106,73,stop
83,92,60,55,105,74,stop
82,92,59,56,105,76,stop
85,90,63,57,104,76,stop
84,89,62,57,105,75,stop
86,85,60,57,102,74,stop
88,87,61,57,103,74,stop
88,97,61,56,104,78,stop
89,92,59,58,101,82,stop
89,91,60,57,100,82,stop
89,90,64,60,99,82,stop
90,94,63,58,98,82,stop
90,95,63,57,96,83,stop
91,95,65,59,94,82,stop
89,91,63,58,93,78,stop
90,90,61,58,92,79,stop
89,93,60,57,90,80,stop
89,95,62,58,87,80,stop
87,94,63,58,86,84,stop
87,92,63,59,84,87,stop
88,91,63,60,83,84,stop
89,90,63,59,80,93,stop
89,91,62,58,76,95,stop
90,91,61,59,74,95,stop
90,90,60,59,71,94,stop
90,95,62,60,68,97,stop
90,93,64,58,66,96,stop
90,94,64,59,66,93,stop
90,95,63,60,63,95,stop
90,94,63,60,63,93,stop
90,93,62,59,64,94,stop
90,92,62,60,61,94,stop
88,94,61,59,61,95,stop
89,96,61,60,60,92,stop
89,92,61,60,61,97,stop
88,90,60,61,59,95,stop
88,93,60,60,58,96,stop
87,91,62,59,58,95,stop
88,90,63,59,58,93,stop
88,88,64,59,58,94,stop
86,89,64,58,57,96,stop
86,87,63,60,57,93,stop
86,86,62,59,57,92,stop
88,85,62,58,58,94,stop
88,85,61,57,58,95,stop
88,92,64,56,59,93,stop
87,92,66,55,59,95,stop
88,98,65,56,61,95,stop
88,92,65,54,63,97,stop
87,97,68,54,64,95,stop
87,98,69,54,65,97,stop
85,101,69,54,67,95,stop
84,101,71,54,69,94,stop
84,98,69,56,68,96,stop
80,96,69,55,69,95,stop
77,97,67,55,72,97,stop
76,99,67,55,72,98,stop
73,97,65,55,72,95,stop
71,95,65,56,75,97,stop
67,92,63,56,77,96,stop
66,96,63,56,78,96,stop
63,97,61,55,79,95,stop
60,97,62,54,80,93,stop
61,93,64,55,81,93,stop
60,91,64,57,82,94,stop
61,90,63,56,82,95,stop
61,89,61,56,84,94,stop
62,85,62,55,84,94,stop
63,85,60,55,85,92,stop
63,88,63,56,86,95,stop
64,88,62,55,85,97,stop
66,90,68,54,85,97,stop
68,93,68,55,86,98,stop
70,92,67,55,85,99,stop
73,88,67,55,85,101,stop
76,88,67,56,85,99,stop
78,85,67,55,85,100,stop
81,83,68,54,85,100,stop
83,81,67,56,84,101,stop
84,79,66,56,83,103,stop
86,83,71,56,84,101,stop
87,92,70,56,81,103,stop
86,97,69,56,81,101,stop
81,98,66,57,79,100,stop
80,93,65,57,78,101,stop
78,92,64,60,79,102,stop
77,95,67,58,78,102,stop
76,98,65,58,78,100,stop
74,99,65,59,77,99,stop
74,110,64,60,74,96,stop
74,112,63,60,75,95,stop
72,115,63,60,75,97,stop
71,117,65,59,75,101,stop
72,115,64,58,72,99,stop
71,115,64,59,71,98,stop
70,112,64,62,70,97,stop
68,114,63,62,69,95,stop
67,109,64,61,67,94,stop
69,114,61,60,66,92,stop
68,114,62,61,72,89,stop
68,114,63,60,71,89,stop
70,112,62,60,69,91,stop
70,107,62,60,68,89,stop
69,111,62,59,67,89,stop
70,106,62,58,66,88,stop
70,105,65,58,68,87,stop
69,109,63,56,68,87,stop
68,105,63,56,70,85,stop
67,103,61,55,68,86,stop
68,97,61,57,68,87,stop
67,102,59,56,69,85,stop
69,107,59,57,69,87,stop
66,107,59,58,69,92,stop
63,105,59,56,70,90,stop
60,103,61,56,70,91,stop
59,99,60,55,69,92,stop
56,103,59,55,69,93,stop
55,103,60,55,69,93,stop
54,102,57,56,70,92,stop
55,110,57,57,71,92,stop
54,106,57,56,71,93,stop
54,103,58,56,71,95,stop
57,100,58,58,73,96,stop
57,100,59,56,72,94,stop
59,100,60,56,72,95,stop
60,100,59,55,75,92,stop
61,98,62,54,74,92,stop
62,96,60,54,75,92,stop
63,94,60,55,76,94,stop
64,92,59,55,76,95,stop
63,90,58,55,78,93,stop
64,94,58,53,79,95,stop
65,94,58,53,78,92,stop
65,94,58,52,79,91,stop
67,92,57,54,79,92,stop
68,99,57,54,79,92,stop
67,95,57,53,80,94,stop
67,94,58,52,78,94,stop
69,96,60,54,84,95,stop
70,95,59,52,79,90,stop
71,92,59,52,80,92,stop
72,90,58,51,79,95,stop
73,91,57,51,79,96,stop
76,92,57,52,81,95,stop
76,91,57,51,81,94,stop
76,94,57,51,79,92,stop
77,97,57,51,77,91,stop
75,98,57,52,78,93,stop
75,93,57,53,78,93,stop
77,98,57,52,77,94,stop
78,96,56,55,75,95,stop
78,95,56,55,78,93,stop
79,93,56,54,76,90,stop
79,95,57,53,74,90,stop
79,107,59,54,75,88,stop
79,119,58,52,73,89,stop
80,117,57,52,71,88,stop
80,119,55,52,71,86,stop
79,115,60,51,68,86,stop
79,111,59,51,69,82,stop
79,112,59,51,67,85,stop
79,110,57,51,67,85,stop
78,111,56,51,65,85,stop
78,109,58,51,65,83,stop
79,105,57,52,64,81,stop
76,102,56,51,64,84,stop
75,111,59,51,63,83,stop
75,115,59,51,63,84,stop
76,114,58,51,64,82,stop
75,114,58,51,62,81,stop
73,108,57,52,62,83,stop
75,110,56,51,61,83,stop
74,111,56,52,59,85,stop
71,107,54,54,60,87,stop
70,108,54,53,59,85,stop
68,107,54,52,58,89,stop
67,110,53,52,59,87,stop
66,114,54,53,58,84,stop
64,112,57,55,59,85,stop
64,107,59,55,57,81,stop
64,109,59,54,58,79,stop
61,105,58,53,57,78,stop
61,103,57,53,58,79,stop
60,108,55,52,59,79,stop
59,106,54,52,58,80,stop
58,109,56,50,58,78,stop
57,111,56,51,60,79,stop
54,115,56,51,60,80,stop
53,109,57,52,61,79,stop
53,109,57,52,62,76,stop
52,104,61,52,61,77,stop
51,106,62,52,62,81,stop
49,106,62,54,63,82,stop
48,102,63,54,63,79,stop
46,102,60,52,65,79,stop
47,103,61,53,62,78,stop
45,102,58,53,62,78,stop
46,97,58,53,60,78,stop
45,100,58,53,61,78,stop
48,103,59,52,63,79,stop
46,105,59,51,61,77,stop
46,106,58,50,63,75,stop
45,106,59,51,62,74,stop
46,108,61,52,62,72,stop
48,109,60,53,60,71,stop
49,106,59,51,61,70,stop
48,103,61,50,60,70,stop
50,101,61,50,60,72,stop
50,98,59,50,59,71,stop
52,97,58,49,59,69,stop
51,95,58,51,59,66,stop
51,96,57,50,58,65,stop
50,103,57,51,58,68,stop
51,98,60,52,58,67,stop
52,96,61,51,58,65,stop
51,94,60,51,58,67,stop
52,97,60,51,57,66,stop
52,92,58,49,59,66,stop
52,99,57,49,58,68,stop
50,100,57,50,56,69,stop
52,107,58,49,56,67,stop
52,106,61,48,57,68,stop
51,108,59,48,59,66,stop
50,111,58,48,56,66,stop
51,108,58,48,55,65,stop
51,104,59,53,56,64,stop
50,98,60,52,55,62,stop
49,96,60,51,56,62,stop
50,95,61,50,55,65,stop
51,102,58,50,55,64,stop
49,100,58,51,55,63,stop
48,102,59,50,54,65,stop
47,100,59,52,56,63,stop
47,100,62,54,55,64,stop
45,104,63,53,55,66,stop
44,102,61,53,54,72,stop
45,97,61,54,56,69,stop
45,98,60,53,58,72,stop
44,99,61,52,57,77,stop
45,100,61,51,56,76,stop
48,100,62,51,56,73,stop
49,106,62,53,57,71,stop
50,107,62,54,56,69,stop
52,110,63,53,59,69,stop
55,109,61,53,58,69,stop
56,111,62,53,58,67,stop
57,112,60,55,59,66,stop
60,111,61,54,59,64,stop
63,106,61,53,60,65,stop
61,101,62,53,60,67,stop
63,103,62,51,60,68,stop
63,106,60,51,60,65,stop
63,108,59,52,62,69,stop
64,111,60,51,60,67,stop
64,109,60,51,60,64,stop
63,106,62,51,60,64,stop
64,100,65,52,60,64,stop
66,99,63,51,60,64,stop
65,101,62,51,62,62,stop
66,99,60,52,59,64,stop
65,96,60,54,63,64,stop
65,100,61,54,63,63,stop
64,96,61,52,62,62,stop
65,97,63,52,59,61,stop
66,100,63,52,59,61,stop
67,102,62,52,58,64,stop
68,104,60,51,58,68,stop
68,104,59,50,61,66,stop
68,99,59,50,61,67,stop
68,95,58,52,57,67,stop
68,95,58,52,57,66,stop
69,94,59,52,56,66,stop
69,96,60,52,56,65,stop
67,105,60,51,57,68,stop
66,102,59,51,58,68,stop
65,98,59,51,58,70,stop
65,97,60,52,56,69,stop
63,94,58,51,56,68,stop
63,92,58,51,55,66,stop
62,92,57,52,53,66,stop
61,92,58,52,53,70,stop
58,93,57,52,54,70,stop
57,91,59,50,53,71,stop
56,92,59,51,55,70,stop
54,95,58,49,54,70,stop
52,97,58,50,54,71,stop
51,94,58,50,58,69,stop
51,92,57,50,58,68,stop
52,92,56,50,58,70,stop
51,96,55,50,58,69,stop
51,96,57,49,59,69,stop
49,92,55,49,58,69,stop
49,93,57,49,58,72,stop
48,91,55,50,60,72,stop
46,87,55,49,59,74,stop
46,97,55,50,61,71,stop
45,106,55,51,61,71,stop
46,103,56,50,59,70,stop
45,109,58,51,57,71,stop
44,107,59,51,56,69,stop
44,105,58,51,59,71,stop
44,109,57,52,59,70,stop
43,104,57,52,58,73,stop
42,103,60,51,62,74,stop
44,99,59,50,61,75,stop
43,96,60,51,61,72,stop
42,94,59,51,60,72,stop
44,97,59,50,58,69,stop
43,91,58,54,59,73,stop
44,92,59,55,59,72,stop
43,89,65,53,59,71,stop
44,87,63,53,57,73,stop
48,88,64,52,55,71,stop
48,87,63,51,55,75,stop
50,90,61,52,56,76,stop
55,90,59,51,57,75,stop
59,90,58,51,57,74,stop
64,87,58,51,56,77,stop
68,91,56,50,57,78,stop
72,89,58,49,56,79,stop
77,92,57,50,55,82,stop
80,88,58,48,54,84,stop
81,87,58,48,55,83,stop
84,86,56,48,55,83,stop
87,86,58,49,54,86,stop
87,87,57,49,53,85,stop
87,86,57,49,56,84,stop
87,90,56,48,57,83,stop
85,88,57,48,58,87,stop
85,87,56,47,57,88,stop
84,92,55,48,59,87,stop
85,92,55,48,58,86,stop
85,91,54,49,56,84,stop
84,86,54,49,56,88,stop
84,88,55,48,55,88,stop
82,94,54,49,55,88,stop
80,94,55,50,55,90,stop
78,91,53,49,55,88,stop
73,91,53,50,55,88,stop
72,93,53,49,55,94,stop
69,88,55,49,59,95,stop
66,86,56,49,59,93,stop
66,83,57,50,58,92,stop
63,83,57,49,58,93,stop
61,88,58,50,58,94,stop
60,85,57,49,58,96,stop
58,83,58,49,61,93,stop
58,82,55,50,63,94,stop
57,81,57,52,63,94,stop
57,81,56,53,62,91,stop
56,85,56,53,62,91,stop
57,86,56,53,61,92,stop
58,88,56,53,64,91,stop
59,88,56,53,62,93,stop
60,85,57,53,64,94,stop
61,89,55,54,62,94,stop
62,91,56,53,63,93,stop
62,87,56,56,62,93,stop
65,85,55,56,61,94,stop
65,86,57,56,59,94,stop
64,87,57,56,60,91,stop
64,86,57,57,59,89,stop
62,84,56,58,60,92,stop
61,81,56,59,62,94,stop
61,85,57,57,60,90,stop
59,87,56,56,60,94,stop
58,95,55,58,59,93,stop
57,92,58,58,60,93,stop
55,89,58,61,60,92,stop
57,91,58,65,61,92,stop
59,92,57,63,63,90,stop
56,91,56,64,61,91,stop
55,91,55,63,60,92,stop
54,87,55,64,61,92,stop
54,86,55,64,62,91,stop
53,83,56,64,62,90,stop
52,87,57,64,61,89,stop
51,94,56,63,60,88,stop
49,97,56,61,60,88,stop
48,93,57,62,60,87,stop
49,91,55,62,59,86,stop
48,89,56,62,60,84,stop
48,88,54,62,60,84,stop
48,83,56,64,61,87,stop
47,80,55,62,61,86,stop
47,80,55,61,60,84,stop
47,81,54,62,60,82,stop
47,78,53,62,59,81,stop
49,78,54,62,57,83,stop
48,74,54,63,58,82,stop
47,75,53,63,59,83,stop
46,74,53,62,59,79,stop
46,75,53,61,60,80,stop
45,73,53,61,58,80,stop
46,74,54,64,58,80,stop
45,81,54,64,57,80,stop
45,79,56,63,56,79,stop
45,81,54,61,59,77,stop
45,79,54,62,59,78,stop
46,76,55,61,59,79,stop
47,77,56,61,58,79,stop
50,79,55,61,59,79,stop
51,79,56,61,60,80,stop
51,78,56,63,60,76,stop
54,78,56,62,60,77,stop
54,83,55,61,61,78,stop
57,81,55,60,62,76,stop
56,81,58,59,63,74,stop
55,79,55,59,63,76,stop
56,78,55,62,62,79,stop
55,79,56,60,61,80,stop
56,85,54,62,61,79,stop
55,81,54,60,60,79,stop
54,79,54,58,60,77,stop
54,78,55,56,60,76,stop
52,76,56,56,58,75,stop
52,77,57,55,60,75,stop
52,80,59,54,60,73,stop
50,80,57,55,60,74,stop
51,78,58,55,59,73,stop
49,77,56,54,60,75,stop
48,73,56,55,57,74,stop
49,76,56,55,57,74,stop
48,77,56,56,56,75,stop
50,75,56,55,56,75,stop
51,77,58,55,56,73,stop
51,75,58,54,56,73,stop
50,76,56,54,56,72,stop
51,75,57,53,57,74,stop
51,76,57,54,57,74,stop
52,74,57,54,55,74,stop
51,73,58,56,55,73,stop
51,71,57,54,55,72,stop
50,72,57,56,56,72,stop
49,72,56,56,55,74,stop
50,70,57,54,53,72,stop
51,74,57,54,54,73,stop
51,71,56,56,55,74,stop
50,73,55,57,56,72,stop
50,74,57,58,56,73,stop
50,75,58,58,56,72,stop
49,76,58,56,56,71,stop
51,78,57,63,57,68,stop
53,79,56,64,56,67,stop
54,78,57,64,57,71,stop
55,78,56,62,57,72,stop
55,78,55,60,58,71,stop
55,78,56,58,59,73,stop
53,76,55,58,58,71,stop
52,75,55,61,59,71,stop
52,80,54,62,58,70,stop
49,80,57,61,58,71,stop
49,80,56,62,56,69,stop
50,81,56,62,55,68,stop
52,78,56,63,55,69,stop
53,78,55,61,56,69,stop
53,77,54,61,57,68,stop
52,75,55,59,58,68,stop
54,76,54,58,58,68,stop
57,74,54,57,57,65,stop
59,72,53,60,56,67,stop
60,72,54,64,56,72,stop
61,73,56,63,54,71,stop
65,74,55,61,56,69,stop
69,73,56,59,57,70,stop
72,73,58,61,57,68,stop
73,74,58,61,60,68,stop
77,74,59,58,59,68,stop
80,76,58,60,57,68,stop
82,74,57,62,58,65,stop
84,79,56,62,60,69,stop
83,80,56,61,61,67,stop
87,82,55,60,60,64,stop
88,85,55,58,58,65,stop
91,83,54,59,57,67,stop
94,79,55,60,56,65,stop
95,77,57,59,56,64,stop
97,78,55,60,58,63,stop
97,77,55,60,57,62,stop
99,81,56,59,57,63,stop
99,80,55,61,56,64,stop
101,79,55,59,58,63,start
101,79,56,59,59,60,start
101,84,56,61,59,60,start
88,56,69,62,88,101,back
88,55,69,63,86,98,back
89,54,67,64,85,98,back
89,53,68,64,85,98,back
88,53,71,63,83,97,back
89,52,73,63,81,97,back
88,51,71,62,80,96,back
89,50,74,64,79,96,back
88,50,79,64,78,95,back
89,51,77,64,79,94,back
87,50,77,65,79,93,back
86,48,76,64,81,93,back
86,48,75,63,79,93,back
85,47,75,64,80,91,back
84,47,75,63,78,90,back
83,46,75,63,78,91,back
83,46,75,64,79,90,back
82,45,73,63,79,89,back
81,46,71,65,78,89,back
82,45,71,64,78,87,back
80,45,72,64,76,87,back
79,45,74,64,75,87,back
78,45,75,65,75,87,back
78,45,75,64,74,84,back
79,44,74,64,73,84,back
77,44,75,64,72,85,back
76,44,73,65,72,84,back
76,46,74,64,71,84,back
77,47,75,63,70,83,back
76,47,74,63,68,82,back
75,48,75,65,66,83,back
75,47,76,63,67,83,back
75,48,76,62,66,80,back
75,48,76,63,65,81,back
74,48,77,62,64,81,back
74,48,79,62,64,80,back
75,49,78,63,61,81,back
73,49,78,62,61,80,back
74,50,76,62,61,78,back
73,50,77,62,61,79,back
73,51,79,63,63,81,back
74,51,77,63,61,80,back
73,51,73,60,61,79,back
73,52,71,62,62,77,back
73,53,69,60,62,75,back
72,53,65,62,60,76,back
72,53,67,60,60,74,back
72,53,67,60,60,72,back
71,53,65,59,59,71,back
70,54,64,58,60,72,back
70,54,62,61,62,72,back
70,55,62,60,62,72,back
69,56,59,59,59,71,back
69,56,59,59,59,69,back
71,58,58,62,58,70,back
72,59,58,61,58,69,back
73,59,59,62,58,70,back
74,59,60,60,58,70,back
73,61,61,60,59,68,back
73,61,62,61,58,67,back
74,62,64,60,58,66,back
75,63,67,61,57,67,back
74,63,69,60,57,67,back
75,63,72,61,57,67,back
74,63,71,60,58,67,back
74,63,70,61,58,65,back
74,63,69,61,58,65,back
74,63,69,62,60,65,back
73,64,68,63,60,65,back
73,65,68,62,60,64,back
71,64,73,62,59,65,back
70,66,71,61,59,63,back
54,49,52,80,53,45,left
56,50,51,79,53,44,left
57,51,50,80,54,45,left
59,51,48,80,55,46,left
61,52,49,80,55,46,left
62,52,48,80,56,46,left
63,54,48,81,56,45,left
65,53,47,80,57,47,left
65,54,46,80,56,48,left
66,55,46,80,57,47,left
67,56,47,80,57,47,left
68,58,47,80,58,48,left
70,58,47,79,57,48,left
70,58,46,80,57,49,left
70,60,47,79,59,50,left
71,61,48,81,59,50,left
72,61,47,79,58,52,left
73,62,48,78,59,53,left
73,64,48,78,58,54,left
73,65,50,78,59,55,left
74,65,50,77,59,55,left
75,66,50,77,58,56,left
76,68,52,77,59,58,left
77,69,53,77,60,60,left
76,69,54,75,61,60,left
77,70,55,75,61,60,left
77,72,56,74,61,61,left
78,73,56,75,61,62,left
78,74,58,74,61,64,left
78,74,59,74,61,63,left
79,76,60,73,61,64,left
92,56,77,80,149,139,back
91,58,74,80,149,139,back
91,58,72,80,149,137,back
90,59,71,78,148,136,back
89,60,71,79,147,136,back
88,60,72,80,144,136,back
88,60,72,79,145,134,back
87,62,73,78,146,134,back
86,63,71,77,143,132,back
86,63,69,78,142,129,back
85,63,72,75,141,129,back
85,64,72,75,139,129,back
85,64,71,77,136,127,back
86,64,75,76,135,126,back
86,64,76,77,135,126,back
86,64,76,75,133,126,back
86,65,74,77,131,124,back
87,65,71,74,129,123,back
88,65,72,74,128,118,back
87,65,72,73,126,120,back
88,65,74,73,126,120,back
88,65,77,72,123,119,back
87,65,79,73,122,115,back
87,66,77,72,121,117,back
87,66,76,69,118,118,back
87,65,77,68,118,119,back
88,65,75,67,116,117,back
89,66,75,65,115,113,back
88,65,78,65,114,113,back
88,65,79,65,112,113,back
89,66,79,66,109,112,back
89,66,77,66,109,113,back
90,65,74,66,109,112,back
90,64,75,65,108,110,back
90,65,84,64,106,109,back
90,65,82,64,104,109,back
90,65,79,62,105,108,back
92,65,78,61,104,108,back
91,64,79,64,104,107,back
92,63,77,64,102,105,back
91,63,76,63,100,105,back
90,63,76,63,98,106,back
91,62,73,64,99,106,back
90,63,72,63,99,106,back
91,62,74,62,97,104,back
90,61,73,63,96,102,back
90,61,73,63,96,102,back
89,60,74,64,94,103,back
89,59,73,64,92,100,back
88,60,69,63,90,101,back
88,58,68,63,91,101,back
88,58,68,63,88,101,back
88,56,66,64,87,101,back
88,56,69,62,88,101,back
88,55,69,63,86,98,back
89,54,67,64,85,98,back
89,53,68,64,85,98,back
88,53,71,63,83,97,back
