Channel1,channel2,channel3,channel4,channel5,channel6,Label
86,93,71,71,76,57,left
84,92,72,72,73,54,left
82,91,71,73,69,53,left
81,90,70,73,66,54,left
79,87,69,73,65,55,left
76,86,68,73,62,58,left
75,85,68,75,60,60,left
73,84,68,76,58,61,left
71,83,68,77,56,61,left
69,82,67,78,55,59,left
67,81,68,78,54,59,left
65,79,66,79,52,56,left
63,77,66,81,50,53,left
62,76,67,80,50,52,left
60,75,65,81,48,51,left
60,73,64,80,48,51,left
58,71,65,80,48,50,left
56,69,64,78,47,49,left
55,68,63,78,47,48,left
54,65,63,78,46,48,left
53,64,63,78,46,46,left
51,64,62,77,46,46,left
49,63,63,78,45,47,left
50,61,62,78,46,46,left
48,58,61,77,45,46,left
47,57,60,78,44,45,left
46,55,60,77,45,45,left
46,54,60,78,45,46,left
46,52,60,78,45,45,left
46,51,60,77,46,45,left
47,51,60,76,46,44,left
47,51,60,78,46,44,left
47,49,59,77,47,44,left
48,48,57,78,48,44,left
48,48,57,78,47,44,left
48,48,56,78,49,44,left
50,49,56,79,49,44,left
51,49,55,79,50,44,left
51,48,54,79,50,43,left
52,50,52,80,51,44,left
53,50,52,80,52,44,left
54,49,52,80,53,45,left
56,50,51,79,53,44,left
57,51,50,80,54,45,left
59,51,48,80,55,46,left
61,52,49,80,55,46,left
62,52,48,80,56,46,left
63,54,48,81,56,45,left
65,53,47,80,57,47,left
65,54,46,80,56,48,left
66,55,46,80,57,47,left
67,56,47,80,57,47,left
68,58,47,80,58,48,left
70,58,47,79,57,48,left
70,58,46,80,57,49,left
70,60,47,79,59,50,left
71,61,48,81,59,50,left
72,61,47,79,58,52,left
73,62,48,78,59,53,left
73,64,48,78,58,54,left
73,65,50,78,59,55,left
74,65,50,77,59,55,left
75,66,50,77,58,56,left
76,68,52,77,59,58,left
77,69,53,77,60,60,left
76,69,54,75,61,60,left
77,70,55,75,61,60,left
77,72,56,74,61,61,left
78,73,56,75,61,62,left
78,74,58,74,61,64,left
78,74,59,74,61,63,left
79,76,60,73,61,64,left
78,76,60,72,61,65,left
78,78,61,72,61,65,left
80,78,63,73,61,67,left
80,79,64,73,62,65,left
81,80,65,72,62,67,left
82,80,66,72,63,67,left
83,81,66,70,64,68,left
84,83,67,71,63,69,left
85,82,67,70,64,70,left
86,85,67,69,65,70,left
86,84,68,69,65,71,left
87,85,69,69,66,71,left
88,85,68,68,65,71,left
88,86,70,69,67,72,left
89,85,71,68,66,72,left
89,86,72,67,67,75,left
53,50,52,80,52,44,left
54,49,52,80,53,45,left
56,50,51,79,53,44,left
57,51,50,80,54,45,left
59,51,48,80,55,46,left
61,52,49,80,55,46,left
62,52,48,80,56,46,left
63,54,48,81,56,45,left
65,53,47,80,57,47,left
65,54,46,80,56,48,left
66,55,46,80,57,47,left
67,56,47,80,57,47,left
90,86,71,67,67,75,right
90,86,72,66,67,76,right
91,86,72,66,67,75,right
92,87,72,65,68,77,right
92,88,72,65,68,77,right
94,88,72,64,68,77,right
94,88,73,64,68,79,right
93,90,72,64,68,80,right
94,89,72,63,68,81,right
95,90,72,64,69,80,right
95,89,72,63,70,82,right
96,91,72,62,70,85,right
96,92,73,62,69,86,right
96,91,72,62,67,86,right
97,91,72,62,70,87,right
97,90,72,62,72,86,right
99,91,71,61,73,85,right
98,93,73,61,75,86,right
100,92,73,61,75,86,right
56,49,62,62,57,95,right
58,50,61,61,57,91,right
58,54,62,62,56,90,right
60,53,61,61,55,88,right
60,53,60,60,56,85,right
62,51,62,62,55,83,right
63,52,61,61,55,82,right
60,51,62,62,53,80,right
61,50,63,63,52,77,right
62,51,63,63,52,76,right
62,51,62,62,52,75,right
61,50,62,62,52,72,right
62,50,62,62,51,70,right
61,51,63,63,52,69,right
62,50,61,61,49,66,right
62,53,62,62,49,65,right
62,52,62,62,51,62,right
62,53,62,62,49,60,right
64,53,61,61,50,58,right
62,51,60,60,51,57,right
64,52,60,60,49,55,right
63,54,59,59,50,54,right
64,53,58,58,51,52,right
63,52,58,58,51,51,right
64,54,59,59,51,52,right
63,53,59,59,51,50,right
63,52,59,59,50,49,right
64,55,59,59,50,48,right
63,54,61,61,50,48,right
62,53,61,61,50,48,right
62,53,60,60,52,50,right
61,53,60,60,51,51,right
61,52,61,61,51,51,right
60,52,61,61,51,53,right
59,52,61,61,51,54,right
58,52,61,61,50,54,right
58,53,61,61,50,55,right
57,51,60,60,51,58,right
55,52,60,60,53,59,right
56,55,60,60,53,60,right
55,56,61,61,54,61,right
55,55,61,61,54,63,right
54,53,61,61,52,65,right
52,53,60,60,53,67,right
51,53,61,61,51,68,right
51,53,60,60,52,70,right
49,53,62,62,55,71,right
50,51,60,60,53,72,right
49,52,59,59,53,73,right
47,52,59,59,53,74,right
48,51,59,59,52,76,right
48,51,60,60,53,78,right
48,51,57,57,53,79,right
48,50,57,57,53,81,right
48,51,57,57,54,81,right
47,51,56,56,53,81,right
47,52,57,57,52,82,right
47,52,56,56,52,83,right
47,51,55,55,55,83,right
47,51,54,54,52,84,right
45,50,54,54,53,83,right
46,52,53,53,52,84,right
47,51,53,53,53,84,right
48,52,53,53,54,83,right
48,51,52,52,55,81,right
48,51,51,51,55,79,right
49,51,50,50,54,79,right
51,52,50,50,54,76,right
52,52,49,49,55,73,right
54,53,48,48,56,70,right
56,52,47,47,57,65,right
59,52,47,47,57,64,right
61,51,45,45,56,61,right
63,51,45,45,58,60,right
61,51,45,45,59,60,right
59,49,44,44,58,61,right
60,50,45,45,60,60,right
60,49,45,45,58,61,right
60,49,44,44,58,63,right
61,49,45,45,58,62,right
60,50,43,43,57,63,right
59,49,44,44,60,65,right
101,92,73,60,74,88,front
101,94,74,60,75,87,front
102,95,72,60,77,87,front
102,95,73,60,81,88,front
103,95,73,60,84,88,front
103,96,70,60,86,88,front
103,96,72,59,86,88,front
104,97,71,58,86,88,front
105,98,70,58,89,90,front
105,98,70,58,95,92,front
105,98,70,58,102,92,front
106,98,70,57,101,93,front
107,98,67,57,105,93,front
108,98,66,57,106,92,front
107,99,64,57,109,91,front
108,99,64,58,109,94,front
108,99,66,57,115,94,front
109,97,69,58,118,93,front
109,98,65,58,120,95,front
109,98,64,57,123,94,front
110,96,63,58,126,93,front
112,97,64,59,126,93,front
111,96,63,60,130,95,front
110,96,63,57,133,94,front
111,97,66,59,136,92,front
112,96,67,60,140,94,front
111,96,67,60,139,94,front
112,96,70,59,147,93,front
111,95,71,62,149,95,front
112,95,71,61,150,96,front
112,95,73,64,154,96,front
113,94,71,70,157,96,front
113,94,69,83,157,97,front
113,94,70,88,157,97,front
113,94,71,90,160,96,front
114,93,70,93,162,96,front
114,92,68,94,163,99,front
114,91,69,89,163,98,front
114,89,70,92,163,99,front
114,88,73,92,164,103,front
115,87,74,91,168,104,front
115,86,74,90,169,104,front
115,84,75,87,169,104,front
115,84,72,86,169,106,front
115,83,73,89,169,107,front
115,81,74,86,168,105,front
115,81,75,87,168,106,front
115,80,75,86,168,109,front
114,78,76,87,168,112,front
115,78,76,86,169,112,front
115,76,78,85,169,115,front
114,75,77,84,168,116,front
115,74,78,82,167,118,front
116,73,77,79,171,121,front
116,72,77,82,169,123,front
115,71,77,82,169,123,front
115,69,79,83,167,125,front
116,67,79,83,170,127,front
114,66,78,82,168,130,front
113,64,78,83,167,131,front
111,62,75,79,168,132,front
110,60,77,79,169,133,front
109,58,75,83,168,135,front
108,56,74,81,167,138,front
106,54,74,81,166,138,front
105,53,73,80,164,139,front
103,53,72,84,165,140,front
102,51,72,85,165,140,front
102,51,71,86,162,141,front
101,50,70,87,160,140,front
100,80,62,78,51,107,front
100,78,61,80,52,108,front
100,80,61,82,51,108,front
101,81,60,79,52,107,front
101,81,61,81,53,107,front
102,81,63,82,55,103,front
102,81,63,85,54,102,front
102,84,63,84,53,100,front
103,84,62,83,54,98,front
103,87,63,84,53,95,front
103,88,63,85,55,93,front
104,87,61,84,52,89,front
104,85,62,87,54,87,front
104,84,61,88,54,83,front
105,84,62,88,54,80,front
106,82,62,88,54,77,front
109,81,64,90,54,74,front
109,83,63,90,54,70,front
110,84,64,90,54,68,front
111,80,64,91,54,66,front
112,84,63,92,55,63,front
113,84,63,91,54,62,front
114,82,63,89,53,63,front
115,85,63,92,52,64,front
116,85,63,91,52,67,front
116,86,63,91,52,70,front
117,85,64,92,51,75,front
117,82,66,91,52,79,front
117,82,69,92,52,84,front
116,81,70,91,52,90,front
114,82,70,90,54,96,front
100,51,69,85,161,142,back
99,50,71,86,159,140,back
98,50,71,86,158,141,back
97,51,69,84,156,143,back
96,52,72,82,153,142,back
95,54,74,83,153,141,back
94,54,76,82,151,140,back
93,56,79,83,151,140,back
92,56,77,80,149,139,back
91,58,74,80,149,139,back
91,58,72,80,149,137,back
90,59,71,78,148,136,back
89,60,71,79,147,136,back
88,60,72,80,144,136,back
88,60,72,79,145,134,back
87,62,73,78,146,134,back
86,63,71,77,143,132,back
86,63,69,78,142,129,back
85,63,72,75,141,129,back
85,64,72,75,139,129,back
85,64,71,77,136,127,back
86,64,75,76,135,126,back
86,64,76,77,135,126,back
86,64,76,75,133,126,back
86,65,74,77,131,124,back
87,65,71,74,129,123,back
88,65,72,74,128,118,back
87,65,72,73,126,120,back
88,65,74,73,126,120,back
88,65,77,72,123,119,back
87,65,79,73,122,115,back
87,66,77,72,121,117,back
87,66,76,69,118,118,back
87,65,77,68,118,119,back
88,65,75,67,116,117,back
89,66,75,65,115,113,back
88,65,78,65,114,113,back
88,65,79,65,112,113,back
89,66,79,66,109,112,back
89,66,77,66,109,113,back
90,65,74,66,109,112,back
90,64,75,65,108,110,back
90,65,84,64,106,109,back
90,65,82,64,104,109,back
90,65,79,62,105,108,back
92,65,78,61,104,108,back
91,64,79,64,104,107,back
92,63,77,64,102,105,back
91,63,76,63,100,105,back
90,63,76,63,98,106,back
91,62,73,64,99,106,back
90,63,72,63,99,106,back
91,62,74,62,97,104,back
90,61,73,63,96,102,back
90,61,73,63,96,102,back
89,60,74,64,94,103,back
89,59,73,64,92,100,back
88,60,69,63,90,101,back
88,58,68,63,91,101,back
88,58,68,63,88,101,back
88,56,66,64,87,101,back
88,56,69,62,88,101,back
88,55,69,63,86,98,back
89,54,67,64,85,98,back
89,53,68,64,85,98,back
88,53,71,63,83,97,back
89,52,73,63,81,97,back
88,51,71,62,80,96,back
89,50,74,64,79,96,back
88,50,79,64,78,95,back
89,51,77,64,79,94,back
87,50,77,65,79,93,back
86,48,76,64,81,93,back
86,48,75,63,79,93,back
85,47,75,64,80,91,back
84,47,75,63,78,90,back
83,46,75,63,78,91,back
83,46,75,64,79,90,back
82,45,73,63,79,89,back
81,46,71,65,78,89,back
82,45,71,64,78,87,back
80,45,72,64,76,87,back
79,45,74,64,75,87,back
78,45,75,65,75,87,back
78,45,75,64,74,84,back
79,44,74,64,73,84,back
77,44,75,64,72,85,back
76,44,73,65,72,84,back
76,46,74,64,71,84,back
77,47,75,63,70,83,back
76,47,74,63,68,82,back
75,48,75,65,66,83,back
75,47,76,63,67,83,back
75,48,76,62,66,80,back
75,48,76,63,65,81,back
74,48,77,62,64,81,back
74,48,79,62,64,80,back
75,49,78,63,61,81,back
73,49,78,62,61,80,back
74,50,76,62,61,78,back
73,50,77,62,61,79,back
102,79,97,54,121,98,start
104,80,103,56,121,97,start
106,80,98,55,122,96,start
107,81,96,55,123,95,start
108,83,95,53,123,96,start
109,83,96,54,122,95,start
111,82,93,52,123,93,start
112,84,95,53,124,91,start
114,82,95,52,123,90,start
115,81,99,53,126,95,start
116,82,99,52,125,90,start
118,83,95,53,123,88,start
120,81,91,53,124,86,start
122,82,92,54,128,85,start
124,81,91,54,125,85,start
125,77,97,55,123,87,start
126,75,102,53,123,86,start
127,75,100,55,122,83,start
128,76,98,55,123,82,start
129,76,93,55,127,80,start
130,77,92,55,123,78,start
131,82,93,55,121,79,start
131,82,91,54,120,79,start
133,83,88,56,120,77,start
134,84,85,56,120,77,start
134,85,85,57,119,74,start
134,87,82,57,120,74,start
134,89,81,57,120,73,start
134,95,81,57,118,73,start
134,100,81,56,117,71,start
133,102,80,56,116,70,start
134,105,78,56,115,70,start
133,105,80,57,115,70,start
132,111,78,56,117,71,start
131,115,75,56,114,68,start
130,120,76,60,112,66,start
128,123,78,60,112,65,start
128,127,81,60,112,64,start
127,129,81,59,112,64,start
125,132,79,57,109,65,start
125,134,77,57,109,64,start
124,137,76,58,109,61,start
123,140,77,60,106,61,start
122,142,80,60,106,60,start
121,145,77,60,105,61,start
119,146,82,62,105,63,start
119,146,81,61,103,63,start
117,148,83,59,103,61,start
117,144,84,59,102,61,start
116,149,83,58,101,62,start
114,148,80,58,101,61,start
113,151,81,58,99,61,start
111,151,83,59,98,60,start
111,150,89,58,97,60,start
109,147,86,58,98,61,start
107,147,86,59,96,62,start
106,146,83,60,96,60,start
104,144,83,61,96,59,start
102,144,85,63,94,59,start
127,75,100,55,122,83,start
128,76,98,55,123,82,start
129,76,93,55,127,80,start
130,77,92,55,123,78,start
131,82,93,55,121,79,start
131,82,91,54,120,79,start
133,83,88,56,120,77,start
134,84,85,56,120,77,start
134,85,85,57,119,74,start
134,87,82,57,120,74,start
134,89,81,57,120,73,start
134,95,81,57,118,73,start
134,100,81,56,117,71,start
133,102,80,56,116,70,start
134,105,78,56,115,70,start
133,105,80,57,115,70,start
132,111,78,56,117,71,start
131,115,75,56,114,68,start
130,120,76,60,112,66,start
128,123,78,60,112,65,start
128,127,81,60,112,64,start
127,129,81,59,112,64,start
125,132,79,57,109,65,start
125,134,77,57,109,64,start
124,137,76,58,109,61,start
123,140,77,60,106,61,start
122,142,80,60,106,60,start
121,145,77,60,105,61,start
119,146,82,62,105,63,start
119,146,81,61,103,63,start
117,148,83,59,103,61,start
117,144,84,59,102,61,start
106,80,98,55,122,96,start
107,81,96,55,123,95,start
108,83,95,53,123,96,start
109,83,96,54,122,95,start
111,82,93,52,123,93,start
112,84,95,53,124,91,start
114,82,95,52,123,90,start
115,81,99,53,126,95,start
116,82,99,52,125,90,start
118,83,95,53,123,88,start
99,140,87,62,92,64,stop
98,135,87,63,92,64,stop
97,135,83,65,91,63,stop
95,136,82,64,90,64,stop
93,133,80,65,91,66,stop
92,131,78,66,90,67,stop
90,129,85,65,89,68,stop
88,125,81,63,89,69,stop
87,128,83,62,90,69,stop
86,125,85,62,89,69,stop
84,126,87,62,89,71,stop
83,123,87,61,89,74,stop
82,122,85,61,89,72,stop
80,121,85,59,89,74,stop
78,116,84,58,89,75,stop
78,118,88,58,88,80,stop
76,118,92,56,87,77,stop
74,117,90,56,86,78,stop
72,116,90,55,87,78,stop
71,112,85,54,85,79,stop
69,110,86,57,84,83,stop
68,109,94,56,84,85,stop
67,108,93,56,83,84,stop
66,105,90,57,82,84,stop
64,105,92,57,81,85,stop
63,102,91,56,80,86,stop
63,99,89,56,80,92,stop
61,97,89,57,78,89,stop
60,97,93,58,78,90,stop
59,95,93,56,76,90,stop
57,93,101,56,75,92,stop
57,89,102,57,73,93,stop
55,88,100,59,73,94,stop
54,87,98,59,71,95,stop
53,84,95,59,70,96,stop
51,84,92,60,69,95,stop
51,81,96,62,67,96,stop
50,79,98,62,66,97,stop
48,78,96,63,66,97,stop
48,79,98,64,67,97,stop
48,77,93,64,64,98,stop
47,75,93,64,62,97,stop
46,72,97,67,60,98,stop
45,69,104,67,63,101,stop
45,69,106,68,61,100,stop
45,66,105,68,59,100,stop
45,68,101,72,58,102,stop
44,65,99,75,56,99,stop
44,67,98,73,54,100,stop
45,70,94,74,56,100,stop
46,69,92,76,56,101,stop
46,68,94,78,55,101,stop
47,67,96,82,54,100,stop
47,67,91,85,52,101,stop
48,70,93,85,53,100,stop
48,67,95,87,53,100,stop
50,69,95,90,54,100,stop
49,67,95,94,53,98,stop
52,68,95,95,53,98,stop
52,70,94,96,52,96,stop
53,70,94,98,51,96,stop
53,70,98,101,52,98,stop
54,70,96,101,52,94,stop
54,72,92,102,52,93,stop
54,73,92,107,52,93,stop
55,78,92,108,50,92,stop
56,75,92,109,52,90,stop
57,79,90,113,54,90,stop
59,77,90,117,56,90,stop
59,78,91,117,56,89,stop
60,80,95,117,56,89,stop
62,80,93,118,54,88,stop
63,80,93,121,54,86,stop
64,86,88,123,55,85,stop
65,84,87,121,56,86,stop
68,82,87,122,58,84,stop
69,82,89,124,57,83,stop
71,82,88,128,58,81,stop
71,86,90,127,57,80,stop
74,89,87,129,58,80,stop
75,87,86,130,59,79,stop
77,88,86,132,59,77,stop
79,89,83,135,59,77,stop
80,88,81,137,59,75,stop
82,91,81,138,62,75,stop
83,92,82,141,61,73,stop
85,95,82,144,63,72,stop
86,93,80,145,63,72,stop
88,95,79,146,65,71,stop
90,94,77,146,66,70,stop
91,96,75,150,66,69,stop
93,101,75,151,69,69,stop
94,99,74,153,69,66,stop
95,96,73,153,69,65,stop
96,97,74,155,69,64,stop
97,104,76,158,71,62,stop
97,100,76,158,72,61,stop
99,105,76,158,72,62,stop
98,104,74,159,73,61,stop
98,104,76,160,73,60,stop
99,104,78,163,75,59,stop
68,66,70,61,60,63,left
68,66,69,61,61,64,left
68,66,66,59,60,63,left
66,67,69,58,60,63,left
65,66,71,58,61,63,left
63,67,75,58,61,62,left
61,67,79,58,61,63,left
59,68,81,57,62,63,left
57,68,78,57,61,61,left
56,69,79,58,61,60,left
54,68,77,59,62,61,left
54,69,77,60,61,60,left
52,69,76,61,62,59,left
51,69,82,60,61,57,left
49,68,80,61,63,57,left
48,69,78,58,63,58,left
48,69,81,60,63,59,left
49,69,82,59,62,59,left
49,68,83,59,63,57,left
49,69,81,58,63,56,left
49,69,78,58,62,57,left
50,69,78,58,62,56,left
50,70,78,57,64,55,left
51,70,78,57,65,54,left
52,70,77,58,64,54,left
53,69,85,58,64,56,left
54,70,83,59,63,57,left
53,70,84,58,63,54,left
55,70,84,57,63,53,left
55,69,83,56,63,54,left
57,71,85,56,63,55,left
57,70,90,56,61,54,left
58,71,93,57,63,55,left
58,71,93,56,62,56,left
59,70,95,56,62,58,left
60,70,97,58,61,57,left
60,70,98,58,60,56,left
61,70,98,59,60,58,left
62,70,102,57,62,60,left
63,70,100,58,64,61,left
63,71,103,57,62,61,left
64,71,99,57,61,62,left
64,69,110,56,63,63,left
65,70,109,55,61,65,left
66,70,109,55,61,67,left
67,71,107,55,63,68,left
68,71,109,55,61,70,left
69,72,110,55,61,73,left
70,72,111,52,62,74,left
70,71,112,55,62,77,left
87,93,71,71,76,57,left
84,92,72,72,73,54,left
80,91,71,73,69,53,left
81,90,70,73,66,54,left
79,88,69,73,65,55,left
76,86,68,73,62,58,left
75,85,68,74,60,62,left
73,84,68,76,58,61,left
71,83,68,77,56,61,left
69,82,67,78,55,59,left
67,81,68,78,54,59,left
65,79,66,79,52,56,left
63,77,66,81,50,53,left
62,76,67,80,50,52,left
60,75,65,81,48,51,left
60,73,64,80,48,51,left
58,71,65,80,48,50,left
56,69,64,78,47,49,left
55,68,63,78,47,48,left
54,65,63,78,46,48,left
53,64,63,78,46,46,left
51,64,62,77,46,46,left
49,63,63,78,45,47,left
50,61,62,78,46,46,left
48,58,61,77,45,46,left
47,57,60,78,44,45,left
46,55,60,77,45,45,left
46,54,60,78,45,46,left
46,52,60,78,45,45,left
46,51,60,77,46,45,left
47,51,60,76,46,44,left
47,51,60,78,46,44,left
47,49,59,77,47,44,left
48,48,57,78,48,44,left
48,48,57,78,47,44,left
48,48,56,78,49,44,left
50,49,56,79,49,44,left
51,49,55,79,50,44,left
51,48,54,79,50,43,left
52,50,52,80,51,44,left
53,50,52,80,52,44,left
54,49,52,80,53,45,left
56,50,51,79,53,44,left
57,51,50,80,54,45,left
59,51,48,80,55,46,left
61,52,49,80,55,46,left
62,52,48,80,56,46,left
63,54,48,81,56,45,left
65,53,47,80,57,47,left
65,54,46,80,56,48,left
66,55,46,80,57,47,left
90,86,71,67,67,75,right
90,86,72,66,67,76,right
91,86,72,66,67,75,right
92,87,72,65,68,77,right
92,88,72,65,68,77,right
94,88,72,64,68,77,right
94,88,73,64,68,79,right
93,90,72,64,68,80,right
94,89,72,63,68,81,right
95,90,72,64,69,80,right
95,89,72,63,70,82,right
96,91,72,62,70,85,right
96,92,73,62,69,86,right
96,91,72,62,67,86,right
97,91,72,62,70,87,right
97,90,72,62,72,86,right
99,91,71,61,73,85,right
98,93,73,61,75,86,right
100,92,73,61,75,86,right
100,79,58,62,61,61,right
105,78,57,62,61,62,right
108,75,58,62,62,62,right
106,75,60,61,61,64,right
108,79,59,60,60,65,right
110,77,59,63,61,64,right
111,75,58,61,60,62,right
114,75,60,60,60,61,right
114,83,63,59,60,62,right
115,82,63,60,60,60,right
112,85,60,59,59,59,right
116,87,59,60,57,58,right
115,91,59,62,57,59,right
115,93,57,60,58,59,right
116,90,59,61,59,60,right
113,89,61,60,58,60,right
116,85,60,61,59,59,right
114,82,64,62,58,59,right
113,81,62,62,56,58,right
114,78,61,61,55,58,right
112,81,62,61,55,62,right
114,80,63,60,58,59,right
114,80,61,61,59,58,right
114,80,62,61,59,56,right
111,79,61,61,58,56,right
111,81,61,59,58,60,right
113,82,62,60,58,57,right
117,82,64,59,59,58,right
117,84,63,60,58,59,right
116,82,62,58,57,62,right
115,80,63,64,58,62,right
113,82,62,62,57,59,right
111,80,63,63,58,58,right
112,80,63,62,63,57,right
111,85,65,63,63,56,right
109,93,64,63,61,59,right
111,97,64,63,61,60,right
109,96,62,63,61,62,right
110,97,62,62,63,62,right
108,91,64,63,60,61,right
106,90,65,62,60,60,right
91,98,55,73,65,113,right
87,95,56,74,64,112,right
84,93,54,72,68,114,right
82,95,59,74,67,116,right
79,89,58,75,68,116,right
78,88,57,74,67,118,right
75,89,56,74,65,119,right
73,87,55,72,68,118,right
70,85,56,71,68,120,right
68,83,55,71,68,124,right
67,80,56,74,68,122,right
70,80,55,71,68,124,right
76,82,54,72,67,124,right
79,81,54,74,65,124,right
89,86,54,73,65,124,right
101,76,54,63,56,58,right
101,74,53,64,57,59,right
100,85,54,64,58,61,right
100,83,52,63,61,61,right
102,84,53,62,62,60,right
101,83,54,62,61,59,right
103,82,54,65,62,62,right
104,82,55,63,61,64,right
102,78,56,62,64,65,right
99,80,58,63,64,63,left
100,79,58,62,61,61,right
105,78,57,62,61,62,right
108,75,58,62,62,62,right
106,75,60,61,61,64,right
108,79,59,60,60,65,right
110,77,59,63,61,64,right
111,75,58,61,60,62,right
114,75,60,60,60,61,right
114,83,63,59,60,62,right
115,82,63,60,60,60,right
112,85,60,59,59,59,right
116,87,59,60,57,58,right
115,91,59,62,57,59,right
115,93,57,60,58,59,right
116,90,59,61,59,60,right
113,89,61,60,58,60,right
109,59,70,56,65,70,front
112,57,72,56,66,72,front
113,55,70,57,65,71,front
115,57,68,55,66,69,front
115,58,68,56,65,69,front
117,56,68,55,66,68,front
117,56,67,54,67,69,front
118,55,68,53,69,69,front
118,56,69,53,69,68,front
119,55,67,53,70,67,front
121,57,65,52,69,66,front
122,57,64,53,66,69,front
123,56,64,58,64,66,front
124,58,63,57,63,68,front
126,57,63,56,62,64,front
125,57,61,55,60,63,front
123,57,61,54,58,65,front
125,56,60,55,58,63,front
124,57,61,54,58,62,front
125,57,62,54,59,61,front
127,56,62,53,57,59,front
126,57,66,54,57,60,front
129,57,66,54,56,58,front
130,58,66,54,53,60,front
130,59,65,54,52,60,front
132,58,65,55,52,58,front
133,57,65,54,54,57,front
135,58,63,55,55,55,front
135,56,62,55,54,54,front
136,56,63,55,53,55,front
135,56,62,55,53,56,front
135,57,61,55,51,57,front
136,56,63,55,53,56,front
137,55,60,56,55,56,front
136,56,60,56,55,57,front
137,56,60,56,58,59,front
137,56,59,56,62,59,front
138,59,60,57,66,57,front
138,59,62,57,68,59,front
137,57,61,56,72,59,front
139,56,61,57,74,57,front
137,56,61,56,77,55,front
136,54,60,58,79,54,front
136,55,60,57,80,52,front
134,55,58,56,79,55,front
133,55,58,56,82,53,front
134,57,58,56,82,53,front
134,56,58,56,81,54,front
133,55,60,56,80,54,front
132,57,59,57,77,54,front
131,56,59,57,76,53,front
130,58,61,56,74,53,front
130,56,62,57,73,52,front
129,55,62,57,71,53,front
127,55,63,57,68,52,front
126,56,63,56,67,52,front
128,55,61,55,65,53,front
127,54,61,55,64,53,front
126,55,62,56,62,53,front
125,55,63,55,62,53,front
123,57,61,56,61,51,front
121,58,62,56,62,51,front
121,56,63,56,62,51,front
119,56,64,57,62,54,front
118,55,63,59,64,56,front
117,57,64,59,64,56,front
117,57,63,58,65,55,front
116,57,65,58,68,54,front
105,98,70,58,95,92,front
105,98,70,58,102,92,front
106,98,70,57,101,93,front
107,98,67,57,105,93,front
108,98,66,57,106,92,front
107,99,64,57,109,91,front
108,99,64,58,109,94,front
108,99,66,57,115,94,front
109,97,69,58,118,93,front
109,98,65,58,120,95,front
109,98,64,57,123,94,front
110,96,63,58,126,93,front
112,97,64,59,126,93,front
111,96,63,60,130,95,front
110,96,63,57,133,94,front
111,97,66,59,136,92,front
112,96,67,60,140,94,front
111,96,67,60,139,94,front
112,96,70,59,147,93,front
111,95,71,62,149,95,front
112,95,71,61,150,96,front
112,95,73,64,154,96,front
113,94,71,70,157,96,front
113,94,69,83,157,97,front
113,94,70,88,157,97,front
113,94,71,90,160,96,front
114,93,70,93,162,96,front
114,92,68,94,163,99,front
114,91,69,89,163,98,front
114,89,70,92,163,99,front
114,88,73,92,164,103,front
115,87,74,91,168,104,front
115,86,74,90,169,104,front
92,56,77,80,149,139,back
91,58,74,80,149,139,back
91,58,72,80,149,137,back
90,59,71,78,148,136,back
89,60,71,79,147,136,back
88,60,72,80,144,136,back
88,60,72,79,145,134,back
87,62,73,78,146,134,back
86,63,71,77,143,132,back
86,63,69,78,142,129,back
85,63,72,75,141,129,back
85,64,72,75,139,129,back
85,64,71,77,136,127,back
86,64,75,76,135,126,back
86,64,76,77,135,126,back
86,64,76,75,133,126,back
86,65,74,77,131,124,back
87,65,71,74,129,123,back
88,65,72,74,128,118,back
87,65,72,73,126,120,back
88,65,74,73,126,120,back
88,65,77,72,123,119,back
87,65,79,73,122,115,back
87,66,77,72,121,117,back
87,66,76,69,118,118,back
87,65,77,68,118,119,back
88,65,75,67,116,117,back
89,66,75,65,115,113,back
88,65,78,65,114,113,back
88,65,79,65,112,113,back
89,66,79,66,109,112,back
89,66,77,66,109,113,back
90,65,74,66,109,112,back
90,64,75,65,108,110,back
90,65,84,64,106,109,back
90,65,82,64,104,109,back
90,65,79,62,105,108,back
92,65,78,61,104,108,back
91,64,79,64,104,107,back
92,63,77,64,102,105,back
91,63,76,63,100,105,back
90,63,76,63,98,106,back
91,62,73,64,99,106,back
90,63,72,63,99,106,back
91,62,74,62,97,104,back
90,61,73,63,96,102,back
90,61,73,63,96,102,back
89,60,74,64,94,103,back
89,59,73,64,92,100,back
88,60,69,63,90,101,back
88,58,68,63,91,101,back
88,58,68,63,88,101,back
88,56,66,64,87,101,back
88,56,69,62,88,101,back
88,55,69,63,86,98,back
89,54,67,64,85,98,back
79,45,74,64,75,87,back
78,45,75,65,75,87,back
78,45,75,64,74,84,back
79,44,74,64,73,84,back
77,44,75,64,72,85,back
76,44,73,65,72,84,back
76,46,74,64,71,84,back
77,47,75,63,70,83,back
76,47,74,63,68,82,back
75,48,75,65,66,83,back
75,47,76,63,67,83,back
75,48,76,62,66,80,back
75,48,76,63,65,81,back
74,48,77,62,64,81,back
74,48,79,62,64,80,back
75,49,78,63,61,81,back
73,49,78,62,61,80,back
74,50,76,62,61,78,back
73,50,77,62,61,79,back
73,51,79,63,63,81,back
74,51,77,63,61,80,back
73,51,73,60,61,79,back
73,52,71,62,62,77,back
73,53,69,60,62,75,back
72,53,65,62,60,76,back
72,53,67,60,60,74,back
72,53,67,60,60,72,back
71,53,65,59,59,71,back
70,54,64,58,60,72,back
70,54,62,61,62,72,back
70,55,62,60,62,72,back
69,56,59,59,59,71,back
69,56,59,59,59,69,back
71,58,58,62,58,70,back
72,59,58,61,58,69,back
73,59,59,62,58,70,back
74,59,60,60,58,70,back
73,61,61,60,59,68,back
73,61,62,61,58,67,back
74,62,64,60,58,66,back
75,63,67,61,57,67,back
74,63,69,60,57,67,back
75,63,72,61,57,67,back
74,63,71,60,58,67,back
74,63,69,60,57,67,back
104,80,103,56,121,97,start
106,80,98,55,122,96,start
107,81,96,55,123,95,start
108,83,95,53,123,96,start
109,83,96,54,122,95,start
111,82,93,52,123,93,start
112,84,95,53,124,91,start
114,82,95,52,123,90,start
115,81,99,53,126,95,start
116,82,99,52,125,90,start
118,83,95,53,123,88,start
120,81,91,53,124,86,start
122,82,92,54,128,85,start
124,81,91,54,125,85,start
125,77,97,55,123,87,start
126,75,102,53,123,86,start
127,75,100,55,122,83,start
128,76,98,55,123,82,start
129,76,93,55,127,80,start
130,77,92,55,123,78,start
131,82,93,55,121,79,start
131,82,91,54,120,79,start
133,83,88,56,120,77,start
134,84,85,56,120,77,start
134,85,85,57,119,74,start
134,87,82,57,120,74,start
134,89,81,57,120,73,start
134,95,81,57,118,73,start
134,100,81,56,117,71,start
133,102,80,56,116,70,start
134,105,78,56,115,70,start
133,105,80,57,115,70,start
132,111,78,56,117,71,start
131,115,75,56,114,68,start
130,120,76,60,112,66,start
128,123,78,60,112,65,start
128,127,81,60,112,64,start
127,129,81,59,112,64,start
125,132,79,57,109,65,start
125,134,77,57,109,64,start
124,137,76,58,109,61,start
123,140,77,60,106,61,start
122,142,80,60,106,60,start
121,145,77,60,105,61,start
119,146,82,62,105,63,start
119,146,81,61,103,63,start
117,148,83,59,103,61,start
117,144,84,59,102,61,start
116,149,83,58,101,62,start
114,148,80,58,101,61,start
113,151,81,58,100,61,start
111,151,83,59,98,60,start
111,150,89,58,97,60,start
109,147,86,58,98,61,start
107,147,86,59,96,62,start
106,146,83,60,96,60,start
104,144,83,61,96,59,start
102,144,85,63,94,59,start
102,78,57,60,55,65,start
102,80,56,63,54,65,start
104,78,57,61,54,65,start
105,81,59,61,54,64,start
105,80,63,59,53,63,start
105,84,62,64,53,64,start
106,83,61,62,54,64,start
106,81,60,61,55,63,start
107,83,60,59,55,65,start
106,81,60,58,55,65,start
106,78,61,58,56,67,start
106,76,60,57,56,73,start
106,76,60,58,55,70,start
107,76,62,58,55,69,start
107,77,59,57,54,68,start
105,80,59,56,54,65,start
105,80,59,58,56,64,start
102,78,59,57,56,66,start
103,87,63,84,53,95,start
103,88,63,85,55,93,start
104,87,61,84,52,89,start
104,85,62,87,54,87,start
104,84,61,88,54,83,start
105,84,62,88,54,80,start
106,82,62,88,54,77,start
109,81,64,90,54,74,start
109,83,63,90,54,70,start
110,84,64,90,54,68,start
111,80,64,91,54,66,start
112,84,63,92,55,63,start
113,84,63,91,54,62,start
114,82,63,89,53,63,start
115,85,63,92,52,64,start
116,85,63,91,52,67,start
116,86,63,91,52,70,start
117,85,64,92,51,75,start
117,82,66,91,52,79,start
117,82,69,92,52,84,start
116,81,70,91,52,90,start
114,82,70,90,54,96,start
113,82,68,91,55,102,start
111,81,67,91,58,107,start
109,81,68,90,59,111,start
77,95,67,58,78,102,stop
76,98,65,58,78,100,stop
74,99,65,59,77,99,stop
74,110,64,60,74,96,stop
74,112,63,60,75,95,stop
72,115,63,60,75,97,stop
71,117,65,59,75,101,stop
72,115,64,58,72,99,stop
71,115,64,59,71,98,stop
70,112,64,62,70,97,stop
68,114,63,62,69,95,stop
67,109,64,61,67,94,stop
69,114,61,60,66,92,stop
68,114,62,61,72,89,stop
68,114,63,60,71,89,stop
70,112,62,60,69,91,stop
70,107,62,60,68,89,stop
69,111,62,59,67,89,stop
70,106,62,58,66,88,stop
70,105,65,58,68,87,stop
69,109,63,56,68,87,stop
68,105,63,56,70,85,stop
60,108,55,52,59,79,stop
59,106,54,52,58,80,stop
58,109,56,50,58,78,stop
57,111,56,51,60,79,stop
54,115,56,51,60,80,stop
53,109,57,52,61,79,stop
53,109,57,52,62,76,stop
52,104,61,52,61,77,stop
51,106,62,52,62,81,stop
49,106,62,54,63,82,stop
48,102,63,54,63,79,stop
46,102,60,52,65,79,stop
47,103,61,53,62,78,stop
45,102,58,53,62,78,stop
46,97,58,53,60,78,stop
45,100,58,53,61,78,stop
48,103,59,52,63,79,stop
46,105,59,51,61,77,stop
46,106,58,50,63,75,stop
45,106,59,51,62,74,stop
46,108,61,52,62,72,stop
48,109,60,53,60,71,stop
49,106,59,51,61,70,stop
48,103,61,50,60,70,stop
50,101,61,50,60,72,stop
50,98,59,50,59,71,stop
52,97,58,49,59,69,stop
51,95,58,51,59,66,stop
51,96,57,50,58,65,stop
50,103,57,51,58,68,stop
51,98,60,52,58,67,stop
52,96,61,51,58,65,stop
51,94,60,51,58,67,stop
52,97,60,51,57,66,stop
52,92,58,49,59,66,stop
52,99,57,49,58,68,stop
50,100,57,50,56,69,stop
52,107,58,49,56,67,stop
52,106,61,48,57,68,stop
51,108,59,48,59,66,stop
50,111,58,48,56,66,stop
51,108,58,48,55,65,stop
51,104,59,53,56,64,stop
50,98,60,52,55,62,stop
49,96,60,51,56,62,stop
50,95,61,50,55,65,stop
51,102,58,50,55,64,stop
49,100,58,51,55,63,stop
48,102,59,50,54,65,stop
47,100,59,52,56,63,stop
47,100,62,54,55,64,stop
45,104,63,53,55,66,stop
44,102,61,53,54,72,stop
45,97,61,54,56,69,stop
45,98,60,53,58,72,stop
44,99,61,52,57,77,stop
45,100,61,51,56,76,stop
48,100,62,51,56,73,stop
49,106,62,53,57,71,stop
50,107,62,54,56,69,stop
52,110,63,53,59,69,stop
55,109,61,53,58,69,stop
56,111,62,53,58,67,stop
57,112,60,55,59,66,stop
60,111,61,54,59,64,stop
63,106,61,53,60,65,stop
61,101,62,53,60,67,stop
63,103,62,51,60,68,stop
63,106,60,51,60,65,stop
63,108,59,52,62,69,stop
64,111,60,51,60,67,stop
64,109,60,51,60,64,stop
63,106,62,51,60,64,stop
64,100,65,52,60,64,stop
66,99,63,51,60,64,stop
65,101,62,51,62,62,stop
66,99,60,52,59,64,stop
65,96,60,54,63,64,stop
65,100,61,54,63,63,stop
49,63,63,78,45,47,left
50,61,62,78,46,46,left
48,58,61,77,45,46,left
47,57,60,78,44,45,left
46,55,60,77,45,45,left
46,54,60,78,45,46,left
46,52,60,78,45,45,left
46,51,60,77,46,45,left
47,51,60,76,46,44,left
47,51,60,78,46,44,left
47,49,59,77,47,44,left
48,48,57,78,48,44,left
48,48,57,78,47,44,left
48,48,56,78,49,44,left
50,49,56,79,49,44,left
51,49,55,79,50,44,left
51,48,54,79,50,43,left
52,50,52,80,51,44,left
53,50,52,80,52,44,left
54,49,52,80,53,45,left
56,50,51,79,53,44,left
57,51,50,80,54,45,left
59,51,48,80,55,46,left
61,52,49,80,55,46,left
62,52,48,80,56,46,left
63,54,48,81,56,45,left
65,53,47,80,57,47,left
65,54,46,80,56,48,left
66,55,46,80,57,47,left
67,56,47,80,57,47,left
68,58,47,80,58,48,left
70,58,47,79,57,48,left
70,58,46,80,57,49,left
70,60,47,79,59,50,left
71,61,48,81,59,50,left
72,61,47,79,58,52,left
73,62,48,78,59,53,left
73,64,48,78,58,54,left
73,65,50,78,59,55,left
74,65,50,77,59,55,left
75,66,50,77,58,56,left
76,68,52,77,59,58,left
77,69,53,77,60,60,left
76,69,54,75,61,60,left
77,70,55,75,61,60,left
77,72,56,74,61,61,left
78,73,56,75,61,62,left
78,74,58,74,61,64,left
78,74,59,74,61,63,left
79,76,60,73,61,64,left
78,76,60,72,61,65,left
78,78,61,72,61,65,left
80,78,63,73,61,67,left
80,79,64,73,62,65,left
81,80,65,72,62,67,left
82,80,66,72,63,67,left
83,81,66,70,64,68,left
84,83,67,71,63,69,left
67,56,47,80,57,47,left
68,58,47,80,58,48,left
70,58,47,79,57,48,left
70,58,46,80,57,49,left
70,60,47,79,59,50,left
71,61,48,81,59,50,left
72,61,47,79,58,52,left
73,62,48,78,59,53,left
73,64,48,78,58,54,left
73,65,50,78,59,55,left
74,65,50,77,59,55,left
75,66,50,77,58,56,left
76,68,52,77,59,58,left
77,69,53,77,60,60,left
76,69,54,75,61,60,left
77,70,55,75,61,60,left
77,72,56,74,61,61,left
78,73,56,75,61,62,left
78,74,58,74,61,64,left
78,74,59,74,61,63,left
79,76,60,73,61,64,left
78,76,60,72,61,65,left
78,78,61,72,61,65,left
80,78,63,73,61,67,left
80,79,64,73,62,65,left
81,80,65,72,62,67,left
82,80,66,72,63,67,left
54,88,63,59,59,55,left
53,88,63,60,59,57,left
56,86,61,59,57,57,left
57,85,60,63,57,56,left
55,85,59,62,57,54,left
54,85,58,60,60,54,left
52,94,58,60,60,54,left
51,95,60,61,59,54,left
50,92,61,59,59,53,left
51,91,62,60,58,54,left
51,89,61,61,58,54,left
53,86,61,60,56,54,left
53,89,60,60,57,53,left
52,88,59,61,57,55,left
52,88,57,60,58,55,left
51,86,59,62,58,55,left
71,71,108,56,62,78,right
72,72,107,55,63,81,right
72,71,110,55,63,83,right
72,72,114,55,62,84,right
73,72,112,54,62,86,right
73,73,112,55,64,87,right
73,73,112,56,67,89,right
74,73,112,56,64,88,right
74,75,116,55,64,91,right
74,74,113,55,65,92,right
74,76,116,55,64,92,right
75,77,119,54,71,95,right
75,78,120,54,68,94,right
76,78,117,55,68,96,right
75,77,118,54,68,95,right
75,78,121,53,70,97,right
75,77,124,52,72,98,right
76,77,119,53,73,100,right
75,78,119,53,75,101,right
75,78,120,53,73,101,right
76,79,124,54,75,101,right
76,79,121,54,75,101,right
77,78,123,55,78,102,right
78,79,120,55,80,103,right
79,78,121,54,80,104,right
79,78,122,55,81,103,right
80,77,122,55,82,103,right
79,77,123,54,85,104,right
80,76,123,54,85,104,right
80,77,130,54,86,105,right
81,76,127,55,88,104,right
81,76,126,56,90,106,right
81,76,124,55,92,104,right
83,76,125,57,94,105,right
84,75,121,55,95,105,right
85,76,123,55,99,104,right
84,76,124,56,100,105,right
86,76,121,55,101,105,right
87,76,122,55,103,105,right
88,76,122,55,107,104,right
88,76,121,56,107,103,right
89,76,121,55,109,104,right
91,76,115,55,111,103,right
92,77,112,55,113,103,right
93,78,112,55,113,103,right
94,76,109,55,116,101,right
96,77,107,54,116,100,right
97,79,104,55,118,102,right
97,78,103,55,120,101,right
98,77,98,55,120,100,right
101,76,54,63,56,58,right
101,74,53,64,57,59,right
100,85,54,64,58,61,right
100,83,52,63,61,61,right
102,84,53,62,62,60,right
101,83,54,62,61,59,right
103,82,54,65,62,62,right
104,82,55,63,61,64,right
102,78,56,62,64,65,right
100,79,58,62,61,61,right
105,78,57,62,61,62,right
108,75,58,62,62,62,right
106,75,60,61,61,64,right
108,79,59,60,60,65,right
110,77,59,63,61,64,right
111,75,58,61,60,62,right
114,75,60,60,60,61,right
114,83,63,59,60,62,right
115,82,63,60,60,60,right
112,85,60,59,59,59,right
116,87,59,60,57,58,right
115,91,59,62,57,59,right
115,93,57,60,58,59,right
116,90,59,61,59,60,right
113,89,61,60,58,60,right
116,85,60,61,59,59,right
114,82,64,62,58,59,right
113,81,62,62,56,58,right
114,78,61,61,55,58,right
112,81,62,61,55,62,right
114,80,63,60,58,59,right
114,80,61,61,59,58,right
114,80,62,61,59,56,right
111,79,61,61,58,56,right
111,81,61,59,58,60,right
113,82,62,60,58,57,right
117,82,64,59,59,58,right
117,84,63,60,58,59,right
116,82,62,58,57,62,right
115,80,63,64,58,62,right
113,82,62,62,57,59,right
111,80,63,63,58,58,right
112,80,63,62,63,57,right
111,85,65,63,63,56,right
109,93,64,63,61,59,right
111,97,64,63,61,60,right
109,96,62,63,61,62,right
110,97,62,62,63,62,right
108,91,64,63,60,61,right
106,90,65,62,60,60,right
102,84,64,60,58,62,right
102,56,69,55,63,73,front
105,60,69,55,64,76,front
107,59,67,54,64,73,front
109,59,70,56,65,70,front
112,57,72,56,66,72,front
113,55,70,57,65,71,front
115,57,68,55,66,69,front
115,58,68,56,65,69,front
117,56,68,55,66,68,front
117,56,67,54,67,69,front
118,55,68,53,69,69,front
118,56,69,53,69,68,front
119,55,67,53,70,67,front
121,57,65,52,69,66,front
122,57,64,53,66,69,front
123,56,64,58,64,66,front
124,58,63,57,63,68,front
126,57,63,56,62,64,front
125,57,61,55,60,63,front
123,57,61,54,58,65,front
125,56,60,55,58,63,front
124,57,61,54,58,62,front
125,57,62,54,59,61,front
127,56,62,53,57,59,front
126,57,66,54,57,60,front
129,57,66,54,56,58,front
130,58,66,54,53,60,front
130,59,65,54,52,60,front
132,58,65,55,52,58,front
133,57,65,54,54,57,front
135,58,63,55,55,55,front
135,56,62,55,54,54,front
136,56,63,55,53,55,front
135,56,62,55,53,56,front
135,57,61,55,51,57,front
136,56,63,55,53,56,front
137,55,60,56,55,56,front
136,56,60,56,55,57,front
137,56,60,56,58,59,front
137,56,59,56,62,59,front
138,59,60,57,66,57,front
138,59,62,57,68,59,front
137,57,61,56,72,59,front
139,56,61,57,74,57,front
137,56,61,56,77,55,front
136,54,60,58,79,54,front
136,55,60,57,80,52,front
134,55,58,56,79,55,front
133,55,58,56,82,53,front
134,57,58,56,82,53,front
134,56,58,56,81,54,front
133,55,60,56,80,54,front
132,57,59,57,77,54,front
131,56,59,57,76,53,front
130,58,61,56,74,53,front
130,56,62,57,73,52,front
129,55,62,57,71,53,front
127,55,63,57,68,52,front
126,56,63,56,67,52,front
128,55,61,55,65,53,front
127,54,61,55,64,53,front
126,55,62,56,62,53,front
125,55,63,55,62,53,front
123,57,61,56,61,51,front
121,58,62,56,62,51,front
121,56,63,56,62,51,front
119,56,64,57,62,54,front
118,55,63,59,64,56,front
117,57,64,59,64,56,front
117,57,63,58,65,55,front
116,57,65,58,68,54,front
115,55,64,59,70,56,front
114,55,62,59,72,57,front
112,55,62,59,73,59,front
111,54,62,59,74,57,front
109,56,65,60,76,58,front
108,56,66,62,78,56,front
105,56,66,60,80,58,front
105,57,69,60,80,60,front
103,56,70,60,85,60,front
102,56,70,61,80,60,front
100,56,68,61,81,58,front
103,57,77,57,50,51,front
108,57,76,58,50,53,front
108,57,77,58,51,52,front
106,57,77,59,52,52,front
109,56,78,59,51,51,front
105,56,77,60,51,50,front
105,57,76,61,52,49,front
112,57,75,60,52,50,front
110,56,74,60,52,50,front
111,56,73,62,54,49,front
109,56,72,62,54,49,front
108,56,71,62,55,48,front
105,55,71,61,58,49,front
104,56,71,62,58,48,front
105,56,71,62,58,49,front
106,54,68,63,59,51,front
111,54,70,63,59,50,front
108,54,69,64,62,52,front
109,54,68,63,59,51,front
90,65,84,64,106,109,back
90,65,82,64,104,109,back
90,65,79,62,105,108,back
92,65,78,61,104,108,back
91,64,79,64,104,107,back
92,63,77,64,102,105,back
91,63,76,63,100,105,back
90,63,76,63,98,106,back
91,62,73,64,99,106,back
90,63,72,63,99,106,back
91,62,74,62,97,104,back
90,61,73,63,96,102,back
90,61,73,63,96,102,back
89,60,74,64,94,103,back
89,59,73,64,92,100,back
88,60,69,63,90,101,back
88,58,68,63,91,101,back
88,58,68,63,88,101,back
88,56,66,64,87,101,back
88,56,69,62,88,101,back
88,55,69,63,86,98,back
89,54,67,64,85,98,back
89,53,68,64,85,98,back
88,53,71,63,83,97,back
92,56,77,80,149,139,back
91,58,74,80,149,139,back
91,58,72,80,149,137,back
90,59,71,78,148,136,back
89,60,71,79,147,136,back
88,60,72,80,144,136,back
88,60,72,79,145,134,back
87,62,73,78,146,134,back
86,63,71,77,143,132,back
86,63,69,78,142,129,back
85,63,72,75,141,129,back
85,64,72,75,139,129,back
85,64,71,77,136,127,back
86,64,75,76,135,126,back
86,64,76,77,135,126,back
86,64,76,75,133,126,back
86,65,74,77,131,124,back
87,65,71,74,129,123,back
88,65,72,74,128,118,back
87,65,72,73,126,120,back
88,65,74,73,126,120,back
75,48,76,62,66,80,back
75,48,76,63,65,81,back
74,48,77,62,64,81,back
74,48,79,62,64,80,back
75,49,78,63,61,81,back
73,49,78,62,61,80,back
74,50,76,62,61,78,back
73,50,77,62,61,79,back
73,51,79,63,63,81,back
74,51,77,63,61,80,back
73,51,73,60,61,79,back
73,52,71,62,62,77,back
73,53,69,60,62,75,back
72,53,65,62,60,76,back
72,53,67,60,60,74,back
72,53,67,60,60,72,back
71,53,65,59,59,71,back
70,54,64,58,60,72,back
70,54,62,61,62,72,back
70,55,62,60,62,72,back
69,56,59,59,59,71,back
69,56,59,59,59,69,back
71,58,58,62,58,70,back
72,59,58,61,58,69,back
73,59,59,62,58,70,back
74,59,60,60,58,70,back
73,61,61,60,59,68,back
73,61,62,61,58,67,back
74,62,64,60,58,66,back
75,63,67,61,57,67,back
74,63,69,60,57,67,back
75,63,72,61,57,67,back
74,63,71,60,58,67,back
74,63,70,61,58,65,back
74,63,69,61,58,65,back
74,63,69,62,60,65,back
73,64,68,63,60,65,back
73,65,68,62,60,64,back
71,64,73,62,59,65,back
70,66,71,61,59,63,back
87,65,79,73,122,115,back
87,66,77,72,121,117,back
87,66,76,69,118,118,back
87,65,77,68,118,119,back
88,65,75,67,116,117,back
89,66,75,65,115,113,back
88,65,78,65,114,113,back
88,65,79,65,112,113,back
89,66,79,66,109,112,back
89,66,77,66,109,113,back
90,65,74,66,109,112,back
90,64,75,65,108,110,back
90,65,84,64,106,109,back
90,65,82,64,104,109,back
90,65,79,62,105,108,back
92,65,78,61,104,108,back
123,83,69,78,61,79,start
122,87,68,77,60,75,start
122,87,67,75,61,72,start
121,89,67,73,61,69,start
120,89,68,71,63,66,start
120,91,66,69,62,64,start
119,90,64,67,63,62,start
119,93,65,67,63,60,start
118,92,66,64,64,58,start
119,96,67,64,63,57,start
119,96,64,61,63,55,start
119,98,66,60,63,55,start
119,104,66,59,61,54,start
120,109,65,59,60,52,start
120,113,64,57,57,51,start
119,108,67,57,57,49,start
118,113,67,56,56,49,start
120,117,67,55,55,47,start
120,119,65,53,55,47,start
119,116,64,52,56,47,start
119,117,64,51,54,46,start
118,111,64,51,54,45,start
116,113,65,51,53,46,start
116,112,63,50,54,47,start
115,124,61,51,54,46,start
113,126,60,51,54,46,start
113,124,60,51,54,47,start
112,122,58,52,52,46,start
111,123,59,53,55,47,start
109,126,58,53,54,46,start
107,123,56,53,57,46,start
107,126,55,52,58,46,start
106,125,56,53,61,45,start
105,118,56,52,63,45,start
104,112,55,52,66,45,start
104,114,55,53,69,45,start
103,109,54,53,70,45,start
102,106,56,54,73,45,start
101,104,57,55,73,45,start
104,72,61,56,65,69,start
112,72,61,57,65,68,start
115,78,62,56,65,67,start
118,78,61,57,68,65,start
118,78,60,56,68,67,start
120,79,58,59,66,64,start
121,79,58,58,65,62,start
123,79,57,57,63,61,start
125,77,59,56,62,64,start
129,77,60,57,64,65,start
130,77,60,57,65,61,start
132,76,58,55,64,62,start
132,76,59,60,63,62,start
135,73,59,58,62,63,start
137,73,60,57,61,62,start
138,74,60,56,63,62,start
140,73,59,57,62,61,start
141,80,60,56,63,62,start
141,82,60,59,61,60,start
141,82,61,57,61,63,start
140,83,62,58,61,66,start
138,81,63,58,62,64,start
137,79,62,57,62,65,start
136,79,61,57,61,66,start
133,77,60,58,60,63,start
134,74,59,58,58,62,start
132,71,59,57,59,61,start
129,71,58,57,57,61,start
125,70,58,58,57,62,start
125,74,58,60,57,65,start
123,74,58,61,57,67,start
120,74,58,59,58,65,start
118,73,57,59,57,63,start
116,72,57,59,57,61,start
112,72,55,58,57,59,start
109,73,55,59,59,59,start
105,76,56,57,59,62,start
106,75,58,57,58,61,start
105,77,58,57,58,60,start
102,75,56,59,59,59,start
104,80,103,56,121,97,start
106,80,98,55,122,96,start
107,81,96,55,123,95,start
108,83,95,53,123,96,start
109,83,96,54,122,95,start
111,82,93,52,123,93,start
112,84,95,53,124,91,start
114,82,95,52,123,90,start
115,81,99,53,126,95,start
116,82,99,52,125,90,start
118,83,95,53,123,88,start
120,81,91,53,124,86,start
122,82,92,54,128,85,start
124,81,91,54,125,85,start
125,77,97,55,123,87,start
126,75,102,53,123,86,start
127,75,100,55,122,83,start
128,76,98,55,123,82,start
129,76,93,55,127,80,start
130,77,92,55,123,78,start
131,82,93,55,121,79,start
131,82,91,54,120,79,start
97,78,59,56,56,63,stop
96,78,60,56,55,66,stop
94,76,57,62,53,63,stop
90,76,56,61,53,64,stop
87,75,55,60,54,65,stop
83,76,58,58,54,64,stop
80,77,57,58,52,67,stop
77,75,56,57,52,65,stop
73,73,56,59,54,65,stop
68,71,56,60,54,65,stop
65,73,58,60,54,64,stop
63,75,56,56,53,65,stop
61,74,55,56,52,64,stop
61,79,55,56,52,66,stop
61,81,54,57,54,68,stop
62,84,55,61,54,69,stop
63,83,53,62,53,68,stop
63,80,55,60,54,67,stop
62,81,55,59,54,66,stop
64,81,55,58,54,66,stop
65,83,55,60,55,67,stop
65,83,55,59,53,70,stop
64,82,54,58,55,68,stop
65,83,54,57,55,69,stop
65,82,55,57,57,70,stop
64,85,54,58,57,71,stop
64,82,54,58,55,68,stop
62,87,54,55,55,67,stop
60,87,53,59,56,66,stop
60,86,54,60,57,64,stop
58,87,54,59,58,65,stop
57,86,53,59,60,65,stop
57,84,52,58,61,66,stop
57,80,53,59,60,64,stop
54,78,53,56,60,64,stop
54,77,54,58,60,67,stop
51,79,53,57,63,63,stop
51,79,53,57,62,65,stop
48,79,53,55,63,63,stop
48,80,53,56,64,64,stop
48,79,54,56,63,62,stop
47,77,54,56,61,64,stop
47,75,54,56,62,63,stop
47,79,54,57,64,63,stop
46,78,56,56,63,61,stop
46,79,57,56,61,63,stop
46,77,56,58,60,62,stop
46,79,56,56,59,64,stop
46,80,55,56,58,62,stop
46,84,54,56,60,64,stop
48,80,55,56,59,63,stop
48,80,56,54,57,65,stop
48,78,55,55,58,64,stop
47,77,56,55,58,62,stop
47,75,62,55,58,60,stop
47,76,63,55,57,61,stop
49,76,62,55,59,61,stop
51,77,60,57,60,60,stop
51,75,59,57,59,63,stop
52,73,59,58,60,64,stop
56,73,61,57,61,63,stop
59,73,61,57,61,63,stop
60,78,60,56,62,61,stop
63,79,60,54,64,61,stop
63,79,58,54,63,66,stop
65,77,59,52,64,63,stop
66,76,63,53,64,63,stop
69,76,64,54,65,62,stop
71,78,63,53,64,61,stop
73,81,61,54,64,60,stop
75,82,62,55,63,60,stop
77,80,61,53,65,59,stop
78,80,64,54,64,58,stop
79,77,66,55,64,57,stop
80,76,67,54,63,60,stop
81,79,64,54,65,60,stop
83,79,63,53,65,61,stop
83,77,61,53,63,61,stop
85,75,62,53,65,63,stop
86,77,60,55,66,62,stop
88,80,60,54,67,67,stop
91,79,58,53,67,66,stop
95,78,57,54,68,64,stop
97,77,57,54,66,63,stop
98,73,58,55,66,69,stop
45,97,61,54,56,69,stop
45,98,60,53,58,72,stop
44,99,61,52,57,77,stop
45,100,61,51,56,76,stop
48,100,62,51,56,73,stop
49,106,62,53,57,71,stop
50,107,62,54,56,69,stop
52,110,63,53,59,69,stop
55,109,61,53,58,69,stop
56,111,62,53,58,67,stop
57,112,60,55,59,66,stop
60,111,61,54,59,64,stop
63,106,61,53,60,65,stop
61,101,62,53,60,67,stop
63,103,62,51,60,68,stop
63,106,60,51,60,65,stop
98,73,56,70,60,55,left
96,70,55,69,60,58,left
96,72,58,66,63,59,left
92,78,56,64,63,58,left
89,88,56,64,63,58,left
87,86,58,66,67,61,left
86,84,56,66,68,59,left
86,83,56,66,65,61,left
83,79,57,68,65,60,left
82,81,59,67,63,62,left
83,83,58,66,63,63,left
82,80,58,65,63,64,left
80,86,60,66,62,66,left
81,88,61,64,60,68,left
80,85,60,65,59,69,left
79,81,61,67,59,71,left
81,81,61,67,59,73,left
79,80,61,65,61,74,left
79,82,61,64,58,75,left
80,81,60,63,60,77,left
80,86,61,64,64,81,left
78,83,63,64,65,80,left
76,83,62,61,64,81,left
65,78,58,62,60,511,left
66,76,58,62,60,524,left
68,76,59,66,61,534,left
68,77,60,68,62,544,left
67,80,61,65,61,551,left
67,79,60,69,60,555,left
66,78,58,67,60,559,left
66,77,56,67,59,559,left
67,78,55,66,59,560,left
69,77,55,65,61,560,left
71,78,55,70,60,554,left
72,77,57,69,59,546,left
74,74,57,67,59,535,left
75,76,55,67,60,518,left
73,73,55,66,59,504,left
74,73,56,65,58,487,left
73,77,55,70,60,467,left
73,76,57,67,59,447,left
73,73,56,71,59,428,left
74,74,56,70,58,406,left
77,73,56,67,58,384,left
76,73,58,66,57,361,left
76,71,57,67,59,339,left
75,71,58,66,58,315,left
75,70,58,69,58,295,left
75,69,59,66,58,272,left
75,70,59,66,56,244,left
77,70,58,66,56,224,left
75,68,57,66,56,212,left
78,66,57,68,56,208,left
76,65,57,65,56,203,left
78,66,60,64,58,200,left
77,68,58,68,58,201,left
75,68,58,67,57,203,left
75,67,59,66,56,205,left
76,66,58,68,58,209,left
79,66,57,65,59,213,left
77,67,56,64,59,216,left
77,68,55,64,59,217,left
77,68,56,65,60,220,left
76,69,58,66,59,222,left
78,67,58,66,57,225,left
78,66,57,65,57,222,left
77,64,58,62,56,222,left
78,65,58,61,57,217,left
78,67,57,60,56,210,left
78,67,58,61,55,196,left
80,68,59,64,55,179,left
81,70,58,63,55,169,left
78,69,57,61,54,164,left
78,69,56,60,58,164,left
78,70,59,60,59,163,left
81,70,60,59,59,161,left
81,68,60,59,61,163,left
83,68,62,63,59,164,left
81,69,60,64,59,167,left
81,68,60,61,61,170,left
81,68,59,60,60,173,left
80,72,58,60,60,176,left
81,73,57,60,60,175,left
82,72,57,63,57,178,left
82,70,55,61,57,182,left
81,73,55,60,56,184,left
82,74,55,60,57,185,left
84,76,55,59,57,186,left
83,73,56,62,58,188,left
83,72,59,62,57,188,left
83,72,59,60,57,188,left
81,69,57,60,56,190,left
82,70,59,60,58,192,left
82,69,59,61,57,192,left
82,69,60,61,58,189,left
82,69,58,63,58,183,left
82,70,57,61,59,176,left
86,70,57,62,61,165,left
84,69,56,63,61,160,left
84,68,57,69,59,151,left
84,68,58,69,58,142,left
97,97,56,75,67,113,right
93,101,57,72,67,112,right
91,98,55,73,65,113,right
87,95,56,74,64,112,right
84,93,54,72,68,114,right
82,95,59,74,67,116,right
79,89,58,75,68,116,right
78,88,57,74,67,118,right
75,89,56,74,65,119,right
73,87,55,72,68,118,right
70,85,56,71,68,120,right
68,83,55,71,68,124,right
67,80,56,74,68,122,right
70,80,55,71,68,124,right
76,82,54,72,67,124,right
79,81,54,74,65,124,right
89,86,54,73,65,124,right
101,76,54,63,56,58,right
101,74,53,64,57,59,right
100,85,54,64,58,61,right
100,83,52,63,61,61,right
102,84,53,62,62,60,right
101,83,54,62,61,59,right
103,82,54,65,62,62,right
104,82,55,63,61,64,right
113,82,62,62,57,59,right
111,80,63,63,58,58,right
112,80,63,62,63,57,right
111,85,65,63,63,56,right
109,93,64,63,61,59,right
111,97,64,63,61,60,right
109,96,62,63,61,62,right
110,97,62,62,63,62,right
108,91,64,63,60,61,right
106,90,65,62,60,60,right
106,86,64,62,59,58,right
106,85,64,62,60,58,right
106,89,63,63,61,57,right
104,88,61,61,61,55,right
102,88,64,62,59,58,right
104,91,63,61,58,57,right
104,90,62,61,58,61,right
103,88,62,59,57,61,right
102,84,64,60,58,62,right
102,88,66,59,60,59,right
102,89,66,60,61,58,right
101,87,64,60,59,57,right
100,82,64,63,59,56,right
92,88,72,65,68,77,right
94,88,72,64,68,77,right
94,88,73,64,68,79,right
93,90,72,64,68,80,right
94,89,72,63,68,81,right
95,90,72,64,69,80,right
95,89,72,63,70,82,right
96,91,72,62,70,85,right
116,87,59,60,57,58,right
115,91,59,62,57,59,right
115,93,57,60,58,59,right
116,90,59,61,59,60,right
113,89,61,60,58,60,right
116,85,60,61,59,59,right
114,82,64,62,58,59,right
113,81,62,62,56,58,right
114,78,61,61,55,58,right
112,81,62,61,55,62,right
114,80,63,60,58,59,right
114,80,61,61,59,58,right
114,80,62,61,59,56,right
111,79,61,61,58,56,right
111,81,61,59,58,60,right
113,82,62,60,58,57,right
117,82,64,59,59,58,right
117,84,63,60,58,59,right
116,82,62,58,57,62,right
115,80,63,64,58,62,right
113,82,62,62,57,59,right
111,80,63,63,58,58,right
112,80,63,62,63,57,right
111,85,65,63,63,56,right
109,93,64,63,61,59,right
111,97,64,63,61,60,right
109,96,62,63,61,62,right
110,97,62,62,63,62,right
108,91,64,63,60,61,right
115,80,63,64,58,62,right
113,82,62,62,57,59,right
111,80,63,63,58,58,right
112,80,63,62,63,57,right
111,85,65,63,63,56,right
109,93,64,63,61,59,right
111,97,64,63,61,60,right
109,96,62,63,61,62,right
110,97,62,62,63,62,right
108,91,64,63,60,61,right
106,90,65,62,60,60,right
106,86,64,62,59,58,right
106,85,64,62,60,58,right
106,89,63,63,61,57,right
104,88,61,61,61,55,right
102,88,64,62,59,58,right
112,97,64,59,126,93,front
111,96,63,60,130,95,front
110,96,63,57,133,94,front
111,97,66,59,136,92,front
112,96,67,60,140,94,front
111,96,67,60,139,94,front
112,96,70,59,147,93,front
111,95,71,62,149,95,front
112,95,71,61,150,96,front
112,95,73,64,154,96,front
113,94,71,70,157,96,front
113,94,69,83,157,97,front
113,94,70,88,157,97,front
113,94,71,90,160,96,front
114,93,70,93,162,96,front
114,92,68,94,163,99,front
114,91,69,89,163,98,front
114,89,70,92,163,99,front
114,88,73,92,164,103,front
115,87,74,91,168,104,front
115,86,74,90,169,104,front
115,84,75,87,169,104,front
115,84,72,86,169,106,front
115,83,73,89,169,107,front
115,81,74,86,168,105,front
115,81,75,87,168,106,front
133,57,65,54,54,57,front
135,58,63,55,55,55,front
135,56,62,55,54,54,front
136,56,63,55,53,55,front
135,56,62,55,53,56,front
135,57,61,55,51,57,front
136,56,63,55,53,56,front
137,55,60,56,55,56,front
136,56,60,56,55,57,front
137,56,60,56,58,59,front
137,56,59,56,62,59,front
138,59,60,57,66,57,front
138,59,62,57,68,59,front
137,57,61,56,72,59,front
139,56,61,57,74,57,front
137,56,61,56,77,55,front
136,54,60,58,79,54,front
136,55,60,57,80,52,front
134,55,58,56,79,55,front
133,55,58,56,82,53,front
134,57,58,56,82,53,front
134,56,58,56,81,54,front
133,55,60,56,80,54,front
132,57,59,57,77,54,front
131,56,59,57,76,53,front
130,58,61,56,74,53,front
130,56,62,57,73,52,front
118,56,69,53,69,68,front
119,55,67,53,70,67,front
121,57,65,52,69,66,front
122,57,64,53,66,69,front
123,56,64,58,64,66,front
124,58,63,57,63,68,front
126,57,63,56,62,64,front
125,57,61,55,60,63,front
123,57,61,54,58,65,front
125,56,60,55,58,63,front
124,57,61,54,58,62,front
125,57,62,54,59,61,front
127,56,62,53,57,59,front
126,57,66,54,57,60,front
129,57,66,54,56,58,front
130,58,66,54,53,60,front
130,59,65,54,52,60,front
132,58,65,55,52,58,front
115,81,74,86,168,105,front
115,81,75,87,168,106,front
115,80,75,86,168,109,front
114,78,76,87,168,112,front
115,78,76,86,169,112,front
115,76,78,85,169,115,front
114,75,77,84,168,116,front
115,74,78,82,167,118,front
116,73,77,79,171,121,front
116,72,77,82,169,123,front
115,71,77,82,169,123,front
115,69,79,83,167,125,front
116,67,79,83,170,127,front
114,66,78,82,168,130,front
103,96,72,59,86,88,front
104,97,71,58,86,88,front
105,98,70,58,89,90,front
105,98,70,58,95,92,front
105,98,70,58,102,92,front
106,98,70,57,101,93,front
107,98,67,57,105,93,front
108,98,66,57,106,92,front
107,99,64,57,109,91,front
108,99,64,58,109,94,front
108,99,66,57,115,94,front
109,97,69,58,118,93,front
109,98,65,58,120,95,front
109,98,64,57,123,94,front
110,96,63,58,126,93,front
112,97,64,59,126,93,front
90,65,82,64,104,109,back
90,65,79,62,105,108,back
92,65,78,61,104,108,back
91,64,79,64,104,107,back
92,63,77,64,102,105,back
91,63,76,63,100,105,back
90,63,76,63,98,106,back
91,62,73,64,99,106,back
90,63,72,63,99,106,back
91,62,74,62,97,104,back
90,61,73,63,96,102,back
90,61,73,63,96,102,back
89,60,74,64,94,103,back
89,59,73,64,92,100,back
88,60,69,63,90,101,back
88,58,68,63,91,101,back
88,58,68,63,88,101,back
88,56,66,64,87,101,back
88,56,69,62,88,101,back
88,55,69,63,86,98,back
89,54,67,64,85,98,back
89,53,68,64,85,98,back
88,53,71,63,83,97,back
89,60,71,79,147,136,back
88,60,72,80,144,136,back
88,60,72,79,145,134,back
87,62,73,78,146,134,back
86,63,71,77,143,132,back
86,63,69,78,142,129,back
85,63,72,75,141,129,back
85,64,72,75,139,129,back
85,64,71,77,136,127,back
86,64,75,76,135,126,back
86,64,76,77,135,126,back
86,64,76,75,133,126,back
86,65,74,77,131,124,back
87,65,71,74,129,123,back
88,65,72,74,128,118,back
87,65,72,73,126,120,back
88,65,74,73,126,120,back
88,65,77,72,123,119,back
87,65,79,73,122,115,back
87,66,77,72,121,117,back
87,66,76,69,118,118,back
87,65,77,68,118,119,back
88,65,75,67,116,117,back
93,56,79,83,151,140,back
92,56,77,80,149,139,back
91,58,74,80,149,139,back
91,58,72,80,149,137,back
90,59,71,78,148,136,back
89,60,71,79,147,136,back
88,60,72,80,144,136,back
88,60,72,79,145,134,back
87,62,73,78,146,134,back
86,63,71,77,143,132,back
86,63,69,78,142,129,back
85,63,72,75,141,129,back
85,64,72,75,139,129,back
85,64,71,77,136,127,back
86,64,75,76,135,126,back
86,64,76,77,135,126,back
86,64,76,75,133,126,back
86,65,74,77,131,124,back
87,65,71,74,129,123,back
88,65,72,74,128,118,back
87,65,72,73,126,120,back
88,65,74,73,126,120,back
88,65,77,72,123,119,back
87,65,79,73,122,115,back
87,66,77,72,121,117,back
87,66,76,69,118,118,back
87,65,77,68,118,119,back
88,65,75,67,116,117,back
89,66,75,65,115,113,back
88,65,78,65,114,113,back
88,65,79,65,112,113,back
89,66,79,66,109,112,back
89,66,77,66,109,113,back
90,65,74,66,109,112,back
90,64,75,65,108,110,back
90,65,84,64,106,109,back
90,65,82,64,104,109,back
90,65,79,62,105,108,back
92,65,78,61,104,108,back
91,64,79,64,104,107,back
92,56,77,80,149,139,back
91,58,74,80,149,139,back
91,58,72,80,149,137,back
90,59,71,78,148,136,back
89,60,71,79,147,136,back
88,60,72,80,144,136,back
88,60,72,79,145,134,back
87,62,73,78,146,134,back
86,63,71,77,143,132,back
86,63,69,78,142,129,back
85,63,72,75,141,129,back
85,64,72,75,139,129,back
85,64,71,77,136,127,back
86,64,75,76,135,126,back
86,64,76,77,135,126,back
122,87,67,75,61,72,start
121,89,67,73,61,69,start
120,89,68,71,63,66,start
120,91,66,69,62,64,start
119,90,64,67,63,62,start
119,93,65,67,63,60,start
118,92,66,64,64,58,start
119,96,67,64,63,57,start
119,96,64,61,63,55,start
119,98,66,60,63,55,start
119,104,66,59,61,54,start
120,109,65,59,60,52,start
120,113,64,57,57,51,start
119,108,67,57,57,49,start
118,113,67,56,56,49,start
120,117,67,55,55,47,start
120,119,65,53,55,47,start
119,116,64,52,56,47,start
119,117,64,51,54,46,start
118,111,64,51,54,45,start
116,113,65,51,53,46,start
116,112,63,50,54,47,start
115,124,61,51,54,46,start
113,126,60,51,54,46,start
113,124,60,51,54,47,start
112,122,58,52,52,46,start
111,123,59,53,55,47,start
109,126,58,53,54,46,start
107,123,56,53,57,46,start
107,126,55,52,58,46,start
106,125,56,53,61,45,start
105,118,56,52,63,45,start
104,112,55,52,66,45,start
104,114,55,53,69,45,start
103,109,54,53,70,45,start
102,106,56,54,73,45,start
101,104,57,55,73,45,start
101,100,59,56,74,45,start
100,80,62,78,51,107,start
100,78,61,80,52,108,start
100,80,61,82,51,108,start
101,81,60,79,52,107,start
101,81,61,81,53,107,start
102,81,63,82,55,103,start
102,81,63,85,54,102,start
102,84,63,84,53,100,start
103,84,62,83,54,98,start
103,87,63,84,53,95,start
103,88,63,85,55,93,start
104,87,61,84,52,89,start
104,85,62,87,54,87,start
104,84,61,88,54,83,start
105,84,62,88,54,80,start
106,82,62,88,54,77,start
109,81,64,90,54,74,start
109,83,63,90,54,70,start
110,84,64,90,54,68,start
111,80,64,91,54,66,start
112,84,63,92,55,63,start
113,84,63,91,54,62,start
114,82,63,89,53,63,start
115,85,63,92,52,64,start
116,85,63,91,52,67,start
116,86,63,91,52,70,start
117,85,64,92,51,75,start
117,82,66,91,52,79,start
117,82,69,92,52,84,start
116,81,70,91,52,90,start
114,82,70,90,54,96,start
113,82,68,91,55,102,start
111,81,67,91,58,107,start
109,81,68,90,59,111,start
108,83,66,91,60,114,start
106,89,68,90,63,118,start
105,86,65,91,63,121,start
104,83,68,90,65,124,start
103,80,69,89,65,127,start
103,78,69,90,66,130,start
119,93,65,67,63,60,start
118,92,66,64,64,58,start
119,96,67,64,63,57,start
119,96,64,61,63,55,start
119,98,66,60,63,55,start
119,104,66,59,61,54,start
120,109,65,59,60,52,start
120,113,64,57,57,51,start
119,108,67,57,57,49,start
118,113,67,56,56,49,start
120,117,67,55,55,47,start
120,119,65,53,55,47,start
119,116,64,52,56,47,start
119,117,64,51,54,46,start
118,111,64,51,54,45,start
116,113,65,51,53,46,start
116,112,63,50,54,47,start
115,124,61,51,54,46,start
113,126,60,51,54,46,start
113,124,60,51,54,47,start
103,80,69,89,65,127,start
103,78,69,90,66,130,start
119,93,65,67,63,60,start
49,76,58,56,56,71,stop
51,78,57,63,57,68,stop
53,79,56,64,56,67,stop
54,78,57,64,57,71,stop
55,78,56,62,57,72,stop
55,78,55,60,58,71,stop
55,78,56,58,59,73,stop
53,76,55,58,58,71,stop
52,75,55,61,59,71,stop
52,80,54,62,58,70,stop
49,80,57,61,58,71,stop
49,80,56,62,56,69,stop
50,81,56,62,55,68,stop
52,78,56,63,55,69,stop
53,78,55,61,56,69,stop
53,77,54,61,57,68,stop
52,75,55,59,58,68,stop
54,76,54,58,58,68,stop
57,74,54,57,57,65,stop
59,72,53,60,56,67,stop
60,72,54,64,56,72,stop
61,73,56,63,54,71,stop
66,86,56,49,59,93,stop
66,83,57,50,58,92,stop
63,83,57,49,58,93,stop
61,88,58,50,58,94,stop
60,85,57,49,58,96,stop
58,83,58,49,61,93,stop
58,82,55,50,63,94,stop
57,81,57,52,63,94,stop
57,81,56,53,62,91,stop
56,85,56,53,62,91,stop
57,86,56,53,61,92,stop
58,88,56,53,64,91,stop
59,88,56,53,62,93,stop
60,85,57,53,64,94,stop
61,89,55,54,62,94,stop
62,91,56,53,63,93,stop
62,87,56,56,62,93,stop
65,85,55,56,61,94,stop
65,86,57,56,59,94,stop
64,87,57,56,60,91,stop
64,86,57,57,59,89,stop
62,84,56,58,60,92,stop
61,81,56,59,62,94,stop
61,85,57,57,60,90,stop
59,87,56,56,60,94,stop
58,95,55,58,59,93,stop
57,92,58,58,60,93,stop
55,89,58,61,60,92,stop
57,91,58,65,61,92,stop
59,92,57,63,63,90,stop
56,91,56,64,61,91,stop
55,91,55,63,60,92,stop
54,87,55,64,61,92,stop
54,86,55,64,62,91,stop
53,83,56,64,62,90,stop
52,87,57,64,61,89,stop
51,94,56,63,60,88,stop
49,97,56,61,60,88,stop
48,93,57,62,60,87,stop
49,91,55,62,59,86,stop
83,81,67,56,84,101,stop
84,79,66,56,83,103,stop
86,83,71,56,84,101,stop
87,92,70,56,81,103,stop
86,97,69,56,81,101,stop
81,98,66,57,79,100,stop
80,93,65,57,78,101,stop
78,92,64,60,79,102,stop
77,95,67,58,78,102,stop
76,98,65,58,78,100,stop
74,99,65,59,77,99,stop
74,110,64,60,74,96,stop
74,112,63,60,75,95,stop
72,115,63,60,75,97,stop
71,117,65,59,75,101,stop
72,115,64,58,72,99,stop
71,115,64,59,71,98,stop
70,112,64,62,70,97,stop
68,114,63,62,69,95,stop
67,109,64,61,67,94,stop
69,114,61,60,66,92,stop
68,114,62,61,72,89,stop
68,114,63,60,71,89,stop
70,112,62,60,69,91,stop
70,107,62,60,68,89,stop
69,111,62,59,67,89,stop
70,106,62,58,66,88,stop
70,105,65,58,68,87,stop
69,109,63,56,68,87,stop
68,105,63,56,70,85,stop
67,103,61,55,68,86,stop
68,97,61,57,68,87,stop
67,102,59,56,69,85,stop
69,107,59,57,69,87,stop
66,107,59,58,69,92,stop
63,105,59,56,70,90,stop
60,103,61,56,70,91,stop
59,99,60,55,69,92,stop
56,103,59,55,69,93,stop
82,70,55,61,57,182,left
81,73,55,60,56,184,left
82,74,55,60,57,185,left
84,76,55,59,57,186,left
83,73,56,62,58,188,left
83,72,59,62,57,188,left
83,72,59,60,57,188,left
81,69,57,60,56,190,left
82,70,59,60,58,192,left
82,69,59,61,57,192,left
82,69,60,61,58,189,left
82,69,58,63,58,183,left
82,70,57,61,59,176,left
86,70,57,62,61,165,left
84,69,56,63,61,160,left
84,68,57,69,59,151,left
84,68,58,69,58,142,left
48,83,56,62,63,126,left
51,83,57,63,63,136,left
49,81,57,61,64,146,left
48,80,57,65,64,155,left
49,78,56,65,64,166,left
50,81,56,63,65,174,left
54,77,54,63,65,184,left
53,76,55,61,63,192,left
53,78,58,59,63,200,left
54,78,55,61,65,210,left
55,78,55,63,62,220,left
54,80,55,62,62,231,left
54,83,54,62,62,242,left
55,88,54,59,60,252,left
57,88,53,60,61,264,left
57,86,56,59,59,278,left
59,81,57,57,58,290,left
59,79,56,62,61,304,left
60,78,56,62,59,315,left
61,77,58,61,62,328,left
60,75,60,61,62,339,left
62,75,59,61,62,351,left
65,74,59,61,60,361,left
69,73,57,60,60,370,left
66,74,56,60,59,379,left
66,74,57,59,60,388,left
66,77,56,60,60,398,left
66,74,58,61,61,409,left
65,75,57,63,60,418,left
65,73,58,62,62,434,left
66,73,58,61,62,451,left
65,75,58,61,64,466,left
65,77,57,62,63,482,left
65,79,57,61,61,493,left
96,84,60,61,60,62,left
91,84,59,61,58,61,left
92,83,58,60,57,59,left
91,85,59,61,57,59,left
92,83,58,63,57,61,left
86,83,57,62,56,60,left
85,82,57,62,58,59,left
82,82,57,61,58,56,left
80,79,58,63,57,57,left
79,81,56,65,58,59,left
77,82,56,68,61,64,left
76,90,56,67,63,65,left
75,92,56,66,61,64,left
75,90,54,67,61,63,left
75,89,55,64,61,62,left
72,87,54,65,59,60,left
74,86,56,65,58,60,left
73,85,55,66,58,60,left
73,90,54,64,58,60,left
71,86,54,66,59,60,left
70,87,54,66,59,59,left
69,87,56,65,60,60,left
69,86,55,62,58,60,left
69,83,55,63,61,61,left
68,80,53,62,65,59,left
68,79,54,62,64,59,left
68,76,55,63,64,59,left
68,76,57,61,62,60,left
69,79,59,60,62,59,left
67,84,58,60,63,58,left
66,82,57,59,63,59,left
63,81,55,63,63,58,left
64,80,55,62,63,59,left
65,79,55,62,62,57,left
64,80,57,62,60,56,left
66,82,57,61,59,56,left
63,85,55,60,61,60,left
62,84,58,59,60,61,left
61,85,59,60,60,61,left
60,86,59,60,60,59,left
58,86,57,60,58,58,left
58,84,56,58,59,60,left
59,80,59,62,60,59,left
57,85,61,60,61,62,left
55,87,60,61,63,59,left
55,85,62,60,61,57,left
55,85,60,62,59,55,left
54,84,63,61,60,55,left
54,88,63,59,59,55,left
53,88,63,60,59,57,left
100,79,58,62,61,61,right
105,78,57,62,61,62,right
108,75,58,62,62,62,right
106,75,60,61,61,64,right
108,79,59,60,60,65,right
110,77,59,63,61,64,right
111,75,58,61,60,62,right
114,75,60,60,60,61,right
114,83,63,59,60,62,right
115,82,63,60,60,60,right
112,85,60,59,59,59,right
116,87,59,60,57,58,right
115,91,59,62,57,59,right
115,93,57,60,58,59,right
116,90,59,61,59,60,right
113,89,61,60,58,60,right
116,85,60,61,59,59,right
114,82,64,62,58,59,right
113,81,62,62,56,58,right
114,78,61,61,55,58,right
73,87,55,72,68,118,right
70,85,56,71,68,120,right
68,83,55,71,68,124,right
67,80,56,74,68,122,right
70,80,55,71,68,124,right
76,82,54,72,67,124,right
79,81,54,74,65,124,right
89,86,54,73,65,124,right
101,76,54,63,56,58,right
101,74,53,64,57,59,right
100,85,54,64,58,61,right
100,83,52,63,61,61,right
102,84,53,62,62,60,right
101,83,54,62,61,59,right
103,82,54,65,62,62,right
104,82,55,63,61,64,right
102,78,56,62,64,65,right
73,73,112,56,67,89,right
74,73,112,56,64,88,right
74,75,116,55,64,91,right
74,74,113,55,65,92,right
74,76,116,55,64,92,right
75,77,119,54,71,95,right
75,78,120,54,68,94,right
76,78,117,55,68,96,right
75,77,118,54,68,95,right
75,78,121,53,70,97,right
75,77,124,52,72,98,right
76,77,119,53,73,100,right
75,78,119,53,75,101,right
75,78,120,53,73,101,right
76,79,124,54,75,101,right
76,79,121,54,75,101,right
77,78,123,55,78,102,right
78,79,120,55,80,103,right
79,78,121,54,80,104,right
79,78,122,55,81,103,right
80,77,122,55,82,103,right
79,77,123,54,85,104,right
80,76,123,54,85,104,right
80,77,130,54,86,105,right
81,76,127,55,88,104,right
81,76,126,56,90,106,right
81,76,124,55,92,104,right
83,76,125,57,94,105,right
84,75,121,55,95,105,right
85,76,123,55,99,104,right
84,76,124,56,100,105,right
90,86,71,67,67,75,right
90,86,72,66,67,76,right
91,86,72,66,67,75,right
92,87,72,65,68,77,right
92,88,72,65,68,77,right
94,88,72,64,68,77,right
94,88,73,64,68,79,right
93,90,72,64,68,80,right
94,89,72,63,68,81,right
95,90,72,64,69,80,right
95,89,72,63,70,82,right
96,91,72,62,70,85,right
96,92,73,62,69,86,right
96,91,72,62,67,86,right
97,91,72,62,70,87,right
97,90,72,62,72,86,right
99,91,71,61,73,85,right
98,93,73,61,75,86,right
100,92,73,61,75,86,right
73,72,112,54,62,86,right
73,73,112,55,64,87,right
73,73,112,56,67,89,right
74,73,112,56,64,88,right
74,75,116,55,64,91,right
74,74,113,55,65,92,right
74,76,116,55,64,92,right
75,77,119,54,71,95,right
75,78,120,54,68,94,right
76,78,117,55,68,96,right
75,77,118,54,68,95,right
75,78,121,53,70,97,right
75,77,124,52,72,98,right
76,77,119,53,73,100,right
105,98,70,58,89,90,front
105,98,70,58,95,92,front
105,98,70,58,102,92,front
106,98,70,57,101,93,front
107,98,67,57,105,93,front
108,98,66,57,106,92,front
107,99,64,57,109,91,front
108,99,64,58,109,94,front
108,99,66,57,115,94,front
109,97,69,58,118,93,front
109,98,65,58,120,95,front
109,98,64,57,123,94,front
110,96,63,58,126,93,front
112,97,64,59,126,93,front
111,96,63,60,130,95,front
110,96,63,57,133,94,front
111,97,66,59,136,92,front
112,96,67,60,140,94,front
111,96,67,60,139,94,front
112,96,70,59,147,93,front
111,95,71,62,149,95,front
112,95,71,61,150,96,front
112,95,73,64,154,96,front
113,94,71,70,157,96,front
113,94,69,83,157,97,front
113,94,70,88,157,97,front
113,94,71,90,160,96,front
114,93,70,93,162,96,front
114,92,68,94,163,99,front
114,91,69,89,163,98,front
114,89,70,92,163,99,front
116,67,79,83,170,127,front
114,66,78,82,168,130,front
113,64,78,83,167,131,front
111,62,75,79,168,132,front
110,60,77,79,169,133,front
109,58,75,83,168,135,front
108,56,74,81,167,138,front
106,54,74,81,166,138,front
105,53,73,80,164,139,front
103,53,72,84,165,140,front
127,55,63,57,68,52,front
126,56,63,56,67,52,front
128,55,61,55,65,53,front
127,54,61,55,64,53,front
126,55,62,56,62,53,front
125,55,63,55,62,53,front
123,57,61,56,61,51,front
121,58,62,56,62,51,front
121,56,63,56,62,51,front
119,56,64,57,62,54,front
118,55,63,59,64,56,front
117,57,64,59,64,56,front
117,57,63,58,65,55,front
116,57,65,58,68,54,front
115,55,64,59,70,56,front
114,55,62,59,72,57,front
112,55,62,59,73,59,front
111,54,62,59,74,57,front
109,56,65,60,76,58,front
108,56,66,62,78,56,front
105,56,66,60,80,58,front
105,57,69,60,80,60,front
103,56,70,60,85,60,front
102,56,70,61,80,60,front
103,56,69,55,63,73,front
105,59,69,55,64,76,front
107,59,67,54,64,73,front
109,59,70,56,65,70,front
112,57,72,56,66,72,front
113,55,70,57,65,71,front
115,57,68,55,66,69,front
115,58,68,56,65,69,front
117,56,68,55,66,68,front
117,56,67,54,67,69,front
118,55,68,53,69,69,front
118,56,69,53,69,68,front
119,55,67,53,70,67,front
121,57,65,52,69,66,front
122,57,64,53,66,69,front
123,56,64,58,64,66,front
124,58,63,57,63,68,front
126,57,63,54,62,64,front
125,57,61,55,60,63,front
123,57,61,54,58,65,front
125,56,60,55,58,63,front
124,57,61,54,58,62,front
125,57,62,54,59,61,front
127,56,62,53,56,59,front
126,57,66,54,57,60,front
129,57,66,54,56,58,front
130,58,66,54,53,60,front
130,59,65,54,52,60,front
132,58,65,55,52,58,front
136,56,63,55,53,56,front
137,55,60,56,55,56,front
136,56,60,56,55,57,front
137,56,60,56,58,59,front
137,56,59,56,62,59,front
138,59,60,57,66,57,front
138,59,62,57,68,59,front
90,61,73,63,96,102,back
90,61,73,63,96,102,back
89,60,74,64,94,103,back
89,59,73,64,92,100,back
88,60,69,63,90,101,back
88,58,68,63,91,101,back
88,58,68,63,88,101,back
88,56,66,64,87,101,back
88,56,69,62,88,101,back
88,55,69,63,86,98,back
89,54,67,64,85,98,back
89,53,68,64,85,98,back
88,53,71,63,83,97,back
87,65,79,73,122,115,back
87,66,77,72,121,117,back
87,66,76,69,118,118,back
87,65,77,68,118,119,back
88,65,75,67,116,117,back
89,66,75,65,115,113,back
88,65,78,65,114,113,back
88,65,79,65,112,113,back
89,66,79,66,109,112,back
89,66,77,66,109,113,back
90,65,74,66,109,112,back
90,64,75,65,108,110,back
90,65,84,64,106,109,back
90,65,82,64,104,109,back
90,65,79,62,105,108,back
92,65,78,61,104,108,back
91,64,79,64,104,107,back
92,63,77,64,102,105,back
91,63,76,63,100,105,back
90,63,76,63,98,106,back
91,62,73,64,99,106,back
90,63,72,63,99,106,back
91,62,74,62,97,104,back
90,61,73,63,96,102,back
90,61,73,63,96,102,back
89,60,74,64,94,103,back
89,59,73,64,92,100,back
88,60,69,63,90,101,back
88,58,68,63,91,101,back
88,58,68,63,88,101,back
88,56,66,64,87,101,back
88,56,69,62,88,101,back
88,55,69,63,86,98,back
89,54,67,64,85,98,back
89,53,68,64,85,98,back
88,53,71,63,83,97,back
82,45,73,63,79,89,back
81,46,71,65,78,89,back
82,45,71,64,78,87,back
80,45,72,64,76,87,back
79,45,74,64,75,87,back
78,45,75,65,75,87,back
78,45,75,64,74,84,back
79,44,74,64,73,84,back
77,44,75,64,72,85,back
76,44,73,65,72,84,back
76,46,74,64,71,84,back
77,47,75,63,70,83,back
76,47,74,63,68,82,back
75,48,75,65,66,83,back
75,47,76,63,67,83,back
91,58,74,80,149,139,back
91,58,72,80,149,137,back
90,59,71,78,148,136,back
89,60,71,79,147,136,back
88,60,72,80,144,136,back
88,60,72,79,145,134,back
87,62,73,78,146,134,back
86,63,71,77,143,132,back
86,63,69,78,142,129,back
85,63,72,75,141,129,back
85,64,72,75,139,129,back
85,64,71,77,136,127,back
86,64,75,76,135,126,back
86,64,76,77,135,126,back
86,64,76,75,133,126,back
86,65,74,77,131,124,back
87,65,71,74,129,123,back
88,65,72,74,128,118,back
87,65,72,73,126,120,back
99,50,71,86,159,140,back
98,50,71,86,158,141,back
97,51,69,84,156,143,back
96,52,72,82,153,142,back
95,54,74,83,153,141,back
94,54,76,82,151,140,back
93,56,79,83,151,140,back
92,56,77,80,149,139,back
91,58,74,80,149,139,back
91,58,72,80,149,137,back
90,59,71,78,148,136,back
89,60,71,79,147,136,back
88,60,72,80,144,136,back
88,60,72,79,145,134,back
87,62,73,78,146,134,back
86,63,71,77,143,132,back
86,63,69,78,142,129,back
85,63,72,75,141,129,back
130,77,60,57,65,61,start
132,76,58,55,64,62,start
132,76,59,60,63,62,start
135,73,59,58,62,63,start
137,73,60,57,61,62,start
138,74,60,56,63,62,start
140,73,59,57,62,61,start
141,80,60,56,63,62,start
141,82,60,59,61,60,start
141,82,61,57,61,63,start
140,83,62,58,61,66,start
138,81,63,58,62,64,start
137,79,62,57,62,65,start
136,79,61,57,61,66,start
133,77,60,58,60,63,start
134,74,59,58,58,62,start
132,71,59,57,59,61,start
129,71,58,57,57,61,start
125,70,58,58,57,62,start
125,74,58,60,57,65,start
123,74,58,61,57,67,start
120,74,58,59,58,65,start
118,73,57,59,57,63,start
116,72,57,59,57,61,start
112,72,55,58,57,59,start
109,73,55,59,59,59,start
105,76,56,57,59,62,start
100,78,61,80,52,108,start
100,80,61,82,51,108,start
101,81,60,79,52,107,start
101,81,61,81,53,107,start
102,81,63,82,55,103,start
102,81,63,85,54,102,start
102,84,63,84,53,100,start
103,84,62,83,54,98,start
103,87,63,84,53,95,start
103,88,63,85,55,93,start
104,87,61,84,52,89,start
104,85,62,87,54,87,start
104,84,61,88,54,83,start
105,84,62,88,54,80,start
106,82,62,88,54,77,start
109,81,64,90,54,74,start
109,83,63,90,54,70,start
110,84,64,90,54,68,start
111,80,64,91,54,66,start
112,84,63,92,55,63,start
113,84,63,91,54,62,start
114,82,63,89,53,63,start
115,85,63,92,52,64,start
116,85,63,91,52,67,start
116,86,63,91,52,70,start
123,69,68,86,65,90,start
123,73,68,86,62,89,start
124,76,71,84,62,86,start
123,78,71,82,63,83,start
124,80,69,80,62,81,start
123,83,69,78,61,79,start
122,87,68,77,60,75,start
122,87,67,75,61,72,start
121,89,67,73,61,69,start
120,89,68,71,63,66,start
120,91,66,69,62,64,start
119,90,64,67,63,62,start
119,93,65,67,63,60,start
118,92,66,64,64,58,start
119,96,67,64,63,57,start
119,96,64,61,63,55,start
119,98,66,60,63,55,start
119,104,66,59,61,54,start
120,109,65,59,60,52,start
120,113,64,57,57,51,start
119,108,67,57,57,49,start
118,113,67,56,56,49,start
120,117,67,55,55,47,start
120,119,65,53,55,47,start
119,116,64,52,56,47,start
119,117,64,51,54,46,start
118,111,64,51,54,45,start
116,113,65,51,53,46,start
116,112,63,50,54,47,start
115,124,61,51,54,46,start
113,126,60,51,54,46,start
113,124,60,51,54,47,start
112,122,58,52,52,46,start
111,123,59,53,55,47,start
109,126,58,53,54,46,start
107,123,56,53,57,46,start
107,126,55,52,58,46,start
106,125,56,53,61,45,start
105,118,56,52,63,45,start
104,112,55,52,66,45,start
104,114,55,53,69,45,start
103,109,54,53,70,45,start
109,83,63,90,54,70,start
110,84,64,90,54,68,start
111,80,64,91,54,66,start
112,84,63,92,55,63,start
113,84,63,91,54,62,start
114,82,63,89,53,63,start
115,85,63,92,52,64,start
61,105,58,53,57,78,stop
61,103,57,53,58,79,stop
60,108,55,52,59,79,stop
59,106,54,52,58,80,stop
58,109,56,50,58,78,stop
57,111,56,51,60,79,stop
54,115,56,51,60,80,stop
53,109,57,52,61,79,stop
53,109,57,52,62,76,stop
52,104,61,52,61,77,stop
99,56,66,62,81,57,stop
98,56,64,61,81,57,stop
96,55,64,62,81,57,stop
96,55,62,61,81,61,stop
95,55,64,61,81,62,stop
93,57,68,60,81,64,stop
92,59,69,60,83,63,stop
91,59,68,59,84,62,stop
92,59,67,61,84,60,stop
92,57,65,60,85,59,stop
92,55,64,59,85,58,stop
92,54,65,59,85,57,stop
89,56,65,58,84,60,stop
89,58,66,59,85,61,stop
88,56,67,59,83,63,stop
87,54,64,57,83,59,stop
86,55,65,58,81,60,stop
85,53,65,57,78,60,stop
84,54,67,58,77,59,stop
84,55,67,58,75,62,stop
84,55,68,58,73,60,stop
82,56,66,58,72,59,stop
82,60,65,60,70,59,stop
82,58,64,59,68,59,stop
82,58,67,61,66,57,stop
81,58,65,60,66,60,stop
82,57,69,59,64,59,stop
81,57,69,60,63,60,stop
81,56,68,59,63,58,stop
83,60,67,59,61,57,stop
82,61,67,59,60,58,stop
82,60,67,60,60,58,stop
82,59,69,59,60,59,stop
82,57,67,60,60,63,stop
82,62,66,60,62,63,stop
82,59,67,60,62,64,stop
84,59,67,60,64,62,stop
84,57,65,61,63,63,stop
84,58,66,61,64,63,stop
82,62,67,60,64,61,stop
83,60,68,60,67,61,stop
81,58,66,60,69,62,stop
79,58,65,60,69,64,stop
79,59,64,60,69,64,stop
80,60,66,61,69,64,stop
79,61,68,61,68,65,stop
79,59,67,61,69,65,stop
79,59,67,61,69,64,stop
73,79,57,64,63,97,stop
74,77,56,62,62,97,stop
74,77,58,61,60,96,stop
74,76,57,61,59,93,stop
78,75,56,61,60,90,stop
78,81,54,62,60,93,stop
80,81,55,61,61,91,stop
83,78,56,63,63,88,stop
86,78,54,62,67,86,stop
87,79,55,61,65,84,stop
88,81,56,61,64,81,stop
88,81,55,62,63,79,stop
91,80,57,61,62,80,stop
93,85,56,62,59,78,stop
93,86,56,61,62,77,stop
91,84,58,63,60,75,stop
93,84,58,66,62,73,stop
92,88,55,64,58,74,stop
97,92,56,63,57,72,stop
98,90,55,63,58,71,stop
97,87,53,61,61,68,stop
93,87,54,65,60,67,stop
95,86,55,63,61,65,stop
93,83,55,62,59,65,stop
98,82,54,60,57,65,stop
47,63,68,54,104,85,stop
47,62,68,53,104,84,stop
45,64,65,54,102,84,stop
45,61,65,54,102,81,stop
45,61,63,53,100,88,stop
44,62,62,53,99,82,stop
44,63,66,54,98,90,stop
45,63,65,55,95,87,stop
45,61,65,54,94,88,stop
46,61,64,54,92,87,stop
48,62,64,53,92,87,stop
47,62,62,53,91,85,stop
49,62,63,55,91,84,stop
50,63,63,54,92,82,stop
52,63,64,54,87,77,stop
52,67,62,55,85,76,stop
52,67,65,55,84,77,stop
52,67,66,57,83,82,stop
